{
  "http://schemas.xmlsoap.org/soap/envelope/:Envelope": {
    "http://schemas.xmlsoap.org/soap/envelope/:Header": null,
    "http://schemas.xmlsoap.org/soap/envelope/:Body": {
      "x:VertexEnvelope": {
        "x:Login": {
          "x:TrustedId": "3655809579939678"
        },
        "x:QuotationRequest": {
          "@documentDate": "2021-2-9",
          "@transactionType": "SALE",
          "@xmlns": {
            "soapenv": "http://schemas.xmlsoap.org/soap/envelope/",
            "urn": "urn:vertexinc:o-series:tps:7:0",
            "": "urn:vertexinc:o-series:tps:7:0",
            "xsi": "http://www.w3.org/2001/XMLSchema-instance"
          },
          "x:LineItem": [
            {
              "@lineItemNumber": "1",
              "@lineItemId": "item|1",
              "@locationCode": "New Stanton",
              "x:Seller": {
                "x:Company": "ols",
                "x:PhysicalOrigin": {
                  "x:StreetAddress1": "1000 Westinghouse Dr",
                  "x:City": "New Stanton",
                  "x:MainDivision": "PA",
                  "x:PostalCode": "15672",
                  "x:Country": "USA"
                }
              },
              "x:Customer": {
                "x:CustomerCode": null,
                "x:Destination": {
                  "x:StreetAddress1": "1573 S Syracuse St",
                  "x:City": "Denver",
                  "x:MainDivision": "CO",
                  "x:PostalCode": "80231",
                  "x:Country": "USA"
                }
              },
              "x:Product": {
                "@productClass": "FLAG-ACC-OTHER",
                "#text": "MDCOFFICER595A-BLACK CHERRY-NO FLAG Offi"
              },
              "x:Quantity": "1",
              "x:ExtendedPrice": "52.49"
            },
            {
              "@lineItemNumber": "1",
              "@lineItemId": "FREIGHT|1",
              "@locationCode": "New Stanton",
              "x:Seller": {
                "x:Company": "ols",
                "x:PhysicalOrigin": {
                  "x:StreetAddress1": "1000 Westinghouse Dr",
                  "x:City": "New Stanton",
                  "x:MainDivision": "PA",
                  "x:PostalCode": "15672",
                  "x:Country": "USA"
                }
              },
              "x:Customer": {
                "x:CustomerCode": null,
                "x:Destination": {
                  "x:StreetAddress1": "1573 S Syracuse St",
                  "x:City": "Denver",
                  "x:MainDivision": "CO",
                  "x:PostalCode": "80231",
                  "x:Country": "USA"
                }
              },
              "x:Product": {
                "@productClass": "Freight",
                "#text": "Best Way Economy"
              },
              "x:ExtendedPrice": "8.95"
            }
          ]
        }
      }
    }
  }
}