{
  "http://schemas.xmlsoap.org/soap/envelope/:Envelope": {
    "http://schemas.xmlsoap.org/soap/envelope/:Body": {
      "x:VertexEnvelope": {
        "x:Login": {
          "x:TrustedId": "7649555430638576"
        },
        "x:QuotationRequest": {
          "@documentNumber": "Micls",
          "@returnAssistedParametersIndicator": "true",
          "@documentDate": "2021-02-09-06:00",
          "@transactionType": "SALE",
          "@xmlns": {
            "soap": "http://schemas.xmlsoap.org/soap/envelope/",
            "": "urn:vertexinc:o-series:tps:7:0"
          },
          "x:Currency": {
            "@isoCurrencyCodeAlpha": "USD"
          },
          "x:Seller": {
            "x:Company": "1000"
          },
          "x:LineItem": [
            {
              "@lineItemNumber": "1",
              "@lineItemId": "844e6328dc9582a224789aac3a",
              "x:Customer": {
                "x:Destination": {
                  "x:StreetAddress1": "325 Hwy 202",
                  "x:City": "Flemington",
                  "x:MainDivision": "NJ",
                  "x:PostalCode": "08822-1730",
                  "x:Country": "US"
                }
              },
              "x:Product": {
                "@productClass": "100"
              },
              "x:Quantity": {
                "@unitOfMeasure": "EA",
                "#text": "1.0"
              },
              "x:ExtendedPrice": "3.99"
            },
            {
              "@lineItemNumber": "2",
              "@lineItemId": "c4226b053bdaf09293aec55bc3",
              "x:Customer": {
                "x:Destination": {
                  "x:StreetAddress1": "325 Hwy 202",
                  "x:City": "Flemington",
                  "x:MainDivision": "NJ",
                  "x:PostalCode": "08822-1730",
                  "x:Country": "US"
                }
              },
              "x:Product": {
                "@productClass": "100"
              },
              "x:Quantity": {
                "@unitOfMeasure": "EA",
                "#text": "1.0"
              },
              "x:ExtendedPrice": "3.99"
            },
            {
              "@lineItemNumber": "3",
              "@lineItemId": "93911f0842bc872e97e13c2832",
              "x:Customer": {
                "x:Destination": {
                  "x:StreetAddress1": "325 Hwy 202",
                  "x:City": "Flemington",
                  "x:MainDivision": "NJ",
                  "x:PostalCode": "08822-1730",
                  "x:Country": "US"
                }
              },
              "x:Product": {
                "@productClass": "199"
              },
              "x:Quantity": {
                "@unitOfMeasure": "EA",
                "#text": "1.0"
              },
              "x:ExtendedPrice": "21.95"
            }
          ]
        }
      }
    }
  }
}