{
  "http://schemas.xmlsoap.org/soap/envelope/:Envelope": {
    "http://schemas.xmlsoap.org/soap/envelope/:Header": null,
    "http://schemas.xmlsoap.org/soap/envelope/:Body": {
      "x:VertexEnvelope": {
        "x:Login": {
          "x:TrustedId": "1235769293676012"
        },
        "x:QuotationRequest": {
          "@documentDate": "2021-02-09",
          "@documentNumber": "DWC-QUOTE",
          "@transactionType": "SALE",
          "@xmlns": {
            "SOAP-ENV": "http://schemas.xmlsoap.org/soap/envelope/",
            "ns2": "urn:vertexinc:o-series:tps:7:0"
          },
          "x:Currency": {
            "@isoCurrencyCodeAlpha": "USD"
          },
          "x:Seller": {
            "x:Company": "1000",
            "x:PhysicalOrigin": {
              "x:StreetAddress1": "19601 N. 27th Ave",
              "x:City": "Phoenix",
              "x:MainDivision": "AZ",
              "x:PostalCode": "85027",
              "x:Country": "US"
            },
            "x:AdministrativeOrigin": {
              "x:StreetAddress1": "19601 N. 27th Ave",
              "x:City": "Phoenix",
              "x:MainDivision": "AZ",
              "x:PostalCode": "85027",
              "x:Country": "US"
            }
          },
          "x:LineItem": [
            {
              "@lineItemId": "1c42854641dd518f5a6e09c850",
              "@lineItemNumber": "1",
              "@taxIncludedIndicator": "false",
              "x:Customer": {
                "x:CustomerCode": null,
                "x:Destination": {
                  "@locationCode": "0639"
                }
              },
              "x:Product": {
                "@productClass": "PP051195",
                "#text": "5210069"
              },
              "x:Quantity": {
                "@unitOfMeasure": "EA",
                "#text": "5.0"
              },
              "x:ExtendedPrice": "12.35",
              "x:FlexibleFields": {
                "x:FlexibleCodeField": {
                  "@fieldId": "8",
                  "#text": "SD D ADLT SLM VEG SSS 12.8OZ          23"
                }
              }
            },
            {
              "@lineItemId": "7ebce7f87b6dc75b87cf5ee464",
              "@lineItemNumber": "2",
              "@taxIncludedIndicator": "false",
              "x:Customer": {
                "x:CustomerCode": null,
                "x:Destination": {
                  "@locationCode": "0639"
                }
              },
              "x:Product": {
                "@productClass": "PP051195",
                "#text": "5286297"
              },
              "x:Quantity": {
                "@unitOfMeasure": "EA",
                "#text": "3.0"
              },
              "x:ExtendedPrice": "7.41",
              "x:FlexibleFields": {
                "x:FlexibleCodeField": {
                  "@fieldId": "8",
                  "#text": "SD D ADLT CKN VEG SSS 12.8OZ          25"
                }
              }
            },
            {
              "@lineItemId": "778eaf77852d87b7e35dd3cf5d",
              "@lineItemNumber": "3",
              "@taxIncludedIndicator": "false",
              "x:Customer": {
                "x:CustomerCode": null,
                "x:Destination": {
                  "x:StreetAddress1": "2130 Gunbarrel Rd",
                  "x:City": "Chattanooga",
                  "x:MainDivision": "TN",
                  "x:PostalCode": "37421",
                  "x:Country": "US"
                }
              },
              "x:Product": {
                "@productClass": "FR020100",
                "#text": "STANDARD_SHIPPING"
              },
              "x:Quantity": {
                "@unitOfMeasure": "EA",
                "#text": "1.0"
              },
              "x:ExtendedPrice": "0.0",
              "x:FlexibleFields": {
                "x:FlexibleCodeField": {
                  "@fieldId": "8",
                  "#text": "Shipping"
                }
              }
            }
          ]
        }
      }
    }
  }
}