{
  "http://schemas.xmlsoap.org/soap/envelope/:Envelope": {
    "http://schemas.xmlsoap.org/soap/envelope/:Header": null,
    "http://schemas.xmlsoap.org/soap/envelope/:Body": {
      "x:VertexEnvelope": {
        "x:Login": {
          "x:TrustedId": "8105174526942882"
        },
        "x:QuotationRequest": {
          "@documentDate": "2021-02-09",
          "@documentNumber": "W01005739766452",
          "@transactionType": "SALE",
          "@xmlns": {
            "SOAP-ENV": "http://schemas.xmlsoap.org/soap/envelope/",
            "ns2": "urn:vertexinc:o-series:tps:7:0"
          },
          "x:LineItem": [
            {
              "@lineItemId": "210302769_ITM",
              "@lineItemNumber": "210302769",
              "x:Seller": {
                "x:Company": "10",
                "x:PhysicalOrigin": {
                  "@taxAreaId": "330590000"
                }
              },
              "x:Customer": {
                "@isTaxExempt": "false",
                "x:Destination": {
                  "x:StreetAddress1": "9 W Jubal Early Dr",
                  "x:City": "Winchester",
                  "x:MainDivision": "VA",
                  "x:PostalCode": "22601",
                  "x:Country": "USA"
                }
              },
              "x:Product": {
                "@productClass": "03",
                "#text": "158032L"
              },
              "x:Quantity": "1.0",
              "x:ExtendedPrice": "44.99",
              "x:FlexibleFields": {
                "x:FlexibleCodeField": [
                  {
                    "@fieldId": "1",
                    "#text": "Original"
                  },
                  {
                    "@fieldId": "2",
                    "#text": "WEB"
                  },
                  {
                    "@fieldId": "8",
                    "#text": "158032L"
                  },
                  {
                    "@fieldId": "9",
                    "#text": "1001"
                  },
                  {
                    "@fieldId": "11",
                    "#text": "GPT"
                  },
                  {
                    "@fieldId": "15",
                    "#text": "VA"
                  },
                  {
                    "@fieldId": "20",
                    "#text": "Traci Shoberg"
                  },
                  {
                    "@fieldId": "21",
                    "#text": "Shoberg Real Estate Inc"
                  },
                  {
                    "@fieldId": "22",
                    "#text": "Winchester"
                  },
                  {
                    "@fieldId": "23",
                    "#text": "VA"
                  },
                  {
                    "@fieldId": "3",
                    "#text": "03"
                  }
                ],
                "x:FlexibleNumericField": {
                  "@fieldId": "3",
                  "#text": "1.0"
                }
              }
            },
            {
              "@lineItemId": "210302769_FRT",
              "@lineItemNumber": "210302769",
              "x:Seller": {
                "x:Company": "10",
                "x:PhysicalOrigin": {
                  "@taxAreaId": "330590000"
                }
              },
              "x:Customer": {
                "@isTaxExempt": "false",
                "x:Destination": {
                  "x:StreetAddress1": "9 W Jubal Early Dr",
                  "x:City": "Winchester",
                  "x:MainDivision": "VA",
                  "x:PostalCode": "22601",
                  "x:Country": "USA"
                }
              },
              "x:Product": {
                "@productClass": "03",
                "#text": "FRT"
              },
              "x:ExtendedPrice": "24.98",
              "x:FlexibleFields": {
                "x:FlexibleCodeField": [
                  {
                    "@fieldId": "1",
                    "#text": "Original"
                  },
                  {
                    "@fieldId": "2",
                    "#text": "WEB"
                  },
                  {
                    "@fieldId": "8",
                    "#text": "158032L"
                  },
                  {
                    "@fieldId": "9",
                    "#text": "1001"
                  },
                  {
                    "@fieldId": "11",
                    "#text": "GPT"
                  },
                  {
                    "@fieldId": "15",
                    "#text": "VA"
                  },
                  {
                    "@fieldId": "20",
                    "#text": "Traci Shoberg"
                  },
                  {
                    "@fieldId": "21",
                    "#text": "Shoberg Real Estate Inc"
                  },
                  {
                    "@fieldId": "22",
                    "#text": "Winchester"
                  },
                  {
                    "@fieldId": "23",
                    "#text": "VA"
                  },
                  {
                    "@fieldId": "3",
                    "#text": "03"
                  }
                ],
                "x:FlexibleNumericField": {
                  "@fieldId": "3",
                  "#text": "1.0"
                }
              }
            }
          ]
        }
      }
    }
  }
}