{
  "http://schemas.xmlsoap.org/soap/envelope/:Envelope": {
    "http://schemas.xmlsoap.org/soap/envelope/:Header": null,
    "http://schemas.xmlsoap.org/soap/envelope/:Body": {
      "x:VertexEnvelope": {
        "x:Login": {
          "x:TrustedId": "0179501699931581"
        },
        "x:QuotationRequest": {
          "@documentDate": "2021-02-09-05:00",
          "@documentNumber": "US80137047",
          "@transactionType": "SALE",
          "@xmlns": {
            "S": "http://schemas.xmlsoap.org/soap/envelope/",
            "SOAP-ENV": "http://schemas.xmlsoap.org/soap/envelope/",
            "": "urn:vertexinc:o-series:tps:7:0"
          },
          "x:Currency": {
            "@isoCurrencyCodeAlpha": "USD"
          },
          "x:Seller": {
            "x:Company": "52-1237423",
            "x:PhysicalOrigin": {
              "x:StreetAddress1": "Sunrise Ave",
              "x:StreetAddress2": "601",
              "x:City": "Ridgely",
              "x:MainDivision": "Maryland",
              "x:PostalCode": "21660",
              "x:Country": "United States"
            }
          },
          "x:Customer": {
            "x:CustomerCode": "120001661360",
            "x:Destination": {
              "x:StreetAddress1": "4283 Express Ln Ste 7022-216",
              "x:StreetAddress2": null,
              "x:City": "Sarasota",
              "x:MainDivision": "Florida",
              "x:PostalCode": "34249-2602",
              "x:Country": "United States"
            }
          },
          "x:LineItem": [
            {
              "@lineItemNumber": "1",
              "x:Product": "65957",
              "x:Quantity": "1",
              "x:ExtendedPrice": "20.80",
              "x:Discount": {
                "x:DiscountAmount": "2.65"
              }
            },
            {
              "@lineItemNumber": "2",
              "x:Product": "65975",
              "x:Quantity": "1",
              "x:ExtendedPrice": "20.79",
              "x:Discount": {
                "x:DiscountAmount": "2.66"
              }
            },
            {
              "@lineItemNumber": "3",
              "x:Product": "77840",
              "x:Quantity": "1",
              "x:ExtendedPrice": "19.03",
              "x:Discount": {
                "x:DiscountAmount": "2.42"
              }
            },
            {
              "@lineItemNumber": "4",
              "x:Product": "77880",
              "x:Quantity": "2",
              "x:ExtendedPrice": "38.04",
              "x:Discount": {
                "x:DiscountAmount": "4.86"
              }
            },
            {
              "@lineItemNumber": "5",
              "x:Product": "78100",
              "x:Quantity": "3",
              "x:ExtendedPrice": "57.08",
              "x:Discount": {
                "x:DiscountAmount": "7.27"
              }
            },
            {
              "@lineItemNumber": "6",
              "x:Product": "77861",
              "x:Quantity": "1",
              "x:ExtendedPrice": "19.02",
              "x:Discount": {
                "x:DiscountAmount": "2.43"
              }
            },
            {
              "@lineItemNumber": "7",
              "x:Product": "77856",
              "x:Quantity": "1",
              "x:ExtendedPrice": "19.02",
              "x:Discount": {
                "x:DiscountAmount": "2.43"
              }
            },
            {
              "@lineItemNumber": "8",
              "x:Product": "77815",
              "x:Quantity": "2",
              "x:ExtendedPrice": "38.05",
              "x:Discount": {
                "x:DiscountAmount": "4.85"
              }
            },
            {
              "@lineItemNumber": "9",
              "x:Product": "77985",
              "x:Quantity": "2",
              "x:ExtendedPrice": "38.05",
              "x:Discount": {
                "x:DiscountAmount": "4.85"
              }
            },
            {
              "@lineItemNumber": "10",
              "x:Product": "77825",
              "x:Quantity": "2",
              "x:ExtendedPrice": "38.04",
              "x:Discount": {
                "x:DiscountAmount": "4.86"
              }
            },
            {
              "@lineItemNumber": "11",
              "x:Product": "64955",
              "x:Quantity": "2",
              "x:ExtendedPrice": "35.39",
              "x:Discount": {
                "x:DiscountAmount": "4.51"
              }
            },
            {
              "@lineItemNumber": "12",
              "x:Product": "66595",
              "x:Quantity": "2",
              "x:ExtendedPrice": "35.39",
              "x:Discount": {
                "x:DiscountAmount": "4.51"
              }
            },
            {
              "@lineItemNumber": "13",
              "x:Product": "68260",
              "x:Quantity": "1",
              "x:ExtendedPrice": "17.69",
              "x:Discount": {
                "x:DiscountAmount": "2.26"
              }
            },
            {
              "@lineItemNumber": "14",
              "x:Product": "68300",
              "x:Quantity": "2",
              "x:ExtendedPrice": "35.39",
              "x:Discount": {
                "x:DiscountAmount": "4.51"
              }
            },
            {
              "@lineItemNumber": "15",
              "x:Product": "68250",
              "x:Quantity": "3",
              "x:ExtendedPrice": "53.07",
              "x:Discount": {
                "x:DiscountAmount": "6.78"
              }
            },
            {
              "@lineItemNumber": "16",
              "x:Product": "66602",
              "x:Quantity": "2",
              "x:ExtendedPrice": "41.60",
              "x:Discount": {
                "x:DiscountAmount": "5.30"
              }
            },
            {
              "@lineItemNumber": "17",
              "x:Product": "77925",
              "x:Quantity": "2",
              "x:ExtendedPrice": "38.05",
              "x:Discount": {
                "x:DiscountAmount": "4.85"
              }
            },
            {
              "@lineItemNumber": "18",
              "x:Product": "78035",
              "x:Quantity": "2",
              "x:ExtendedPrice": "38.04",
              "x:Discount": {
                "x:DiscountAmount": "4.86"
              }
            },
            {
              "@lineItemNumber": "19",
              "x:Product": "77885",
              "x:Quantity": "2",
              "x:ExtendedPrice": "38.05",
              "x:Discount": {
                "x:DiscountAmount": "4.85"
              }
            },
            {
              "@lineItemNumber": "20",
              "x:Product": "63000",
              "x:ExtendedPrice": "26.42"
            }
          ]
        }
      }
    }
  }
}