{
  "http://schemas.xmlsoap.org/soap/envelope/:Envelope": {
    "http://schemas.xmlsoap.org/soap/envelope/:Header": null,
    "http://schemas.xmlsoap.org/soap/envelope/:Body": {
      "x:VertexEnvelope": {
        "x:Login": {
          "x:TrustedId": "1640705084513650"
        },
        "x:QuotationRequest": {
          "@transactionType": "SALE",
          "@documentDate": "2021-02-09",
          "@documentNumber": "32217048-006",
          "@xmlns": {
            "soapenv": "http://schemas.xmlsoap.org/soap/envelope/",
            "": "urn:vertexinc:o-series:tps:7:0"
          },
          "x:Seller": {
            "x:Company": "CHSProd",
            "x:PhysicalOrigin": {
              "x:StreetAddress1": "276 Enterprise Way",
              "x:StreetAddress2": null,
              "x:City": "Mocksville",
              "x:MainDivision": "NC",
              "x:PostalCode": "27028",
              "x:Country": "USA"
            }
          },
          "x:Customer": {
            "x:CustomerCode": {
              "@classCode": "NULL",
              "#text": "898441"
            },
            "x:Destination": {
              "x:StreetAddress1": "800 Tilghman Drive",
              "x:StreetAddress2": "Main Store Room",
              "x:City": "Dunn",
              "x:MainDivision": "NC",
              "x:PostalCode": "28334",
              "x:Country": "USA"
            }
          },
          "x:LineItem": [
            {
              "@lineItemNumber": "2",
              "@locationCode": "MOCK",
              "x:Product": "09051002",
              "x:Quantity": "25.00",
              "x:UnitPrice": "17.6900",
              "x:ExtendedPrice": "442.2500",
              "x:FlexibleFields": {
                "x:FlexibleCodeField": [
                  {
                    "@fieldId": "3",
                    "#text": "202956"
                  },
                  {
                    "@fieldId": "4",
                    "#text": "GOWN IMPERVIOUS UNIVERSAL"
                  },
                  {
                    "@fieldId": "5",
                    "#text": "Betsy Johnson Regional Hosp"
                  },
                  {
                    "@fieldId": "6",
                    "#text": "10MAIN"
                  }
                ]
              }
            },
            {
              "@lineItemNumber": "6",
              "@locationCode": "MOCK",
              "x:Product": "06130102",
              "x:Quantity": "1.00",
              "x:UnitPrice": "90.3200",
              "x:ExtendedPrice": "90.3200",
              "x:FlexibleFields": {
                "x:FlexibleCodeField": [
                  {
                    "@fieldId": "3",
                    "#text": "555904"
                  },
                  {
                    "@fieldId": "4",
                    "#text": "GLOVE EXAM MEDIUM NITRILE 12IN"
                  },
                  {
                    "@fieldId": "5",
                    "#text": "Betsy Johnson Regional Hosp"
                  },
                  {
                    "@fieldId": "6",
                    "#text": "10MAIN"
                  }
                ]
              }
            },
            {
              "@lineItemNumber": "7",
              "@locationCode": "MOCK",
              "x:Product": "06130102",
              "x:Quantity": "1.00",
              "x:UnitPrice": "90.3200",
              "x:ExtendedPrice": "90.3200",
              "x:FlexibleFields": {
                "x:FlexibleCodeField": [
                  {
                    "@fieldId": "3",
                    "#text": "555631"
                  },
                  {
                    "@fieldId": "4",
                    "#text": "GLOVE EXAM LARGE NITRILE 12IN"
                  },
                  {
                    "@fieldId": "5",
                    "#text": "Betsy Johnson Regional Hosp"
                  },
                  {
                    "@fieldId": "6",
                    "#text": "10MAIN"
                  }
                ]
              }
            },
            {
              "@lineItemNumber": "15",
              "@locationCode": "MOCK",
              "x:Product": "09020802",
              "x:Quantity": "1.00",
              "x:UnitPrice": "72.9100",
              "x:ExtendedPrice": "72.9100",
              "x:FlexibleFields": {
                "x:FlexibleCodeField": [
                  {
                    "@fieldId": "3",
                    "#text": "193188"
                  },
                  {
                    "@fieldId": "4",
                    "#text": "WRAP STERILIZATION 18X18IN"
                  },
                  {
                    "@fieldId": "5",
                    "#text": "Betsy Johnson Regional Hosp"
                  },
                  {
                    "@fieldId": "6",
                    "#text": "10MAIN"
                  }
                ]
              }
            },
            {
              "@lineItemNumber": "25",
              "@locationCode": "MOCK",
              "x:Product": "09020802",
              "x:Quantity": "6.00",
              "x:UnitPrice": "33.5900",
              "x:ExtendedPrice": "201.5400",
              "x:FlexibleFields": {
                "x:FlexibleCodeField": [
                  {
                    "@fieldId": "3",
                    "#text": "147647"
                  },
                  {
                    "@fieldId": "4",
                    "#text": "FLOWMETER OXYGEN 0-15LPM"
                  },
                  {
                    "@fieldId": "5",
                    "#text": "Betsy Johnson Regional Hosp"
                  },
                  {
                    "@fieldId": "6",
                    "#text": "10MAIN"
                  }
                ]
              }
            },
            {
              "@lineItemNumber": "28",
              "@locationCode": "MOCK",
              "x:Product": "09020802",
              "x:Quantity": "1.00",
              "x:UnitPrice": "74.4400",
              "x:ExtendedPrice": "74.4400",
              "x:FlexibleFields": {
                "x:FlexibleCodeField": [
                  {
                    "@fieldId": "3",
                    "#text": "140820"
                  },
                  {
                    "@fieldId": "4",
                    "#text": "TAPE ADHESIVE ENDOTRACHEAL ET"
                  },
                  {
                    "@fieldId": "5",
                    "#text": "Betsy Johnson Regional Hosp"
                  },
                  {
                    "@fieldId": "6",
                    "#text": "10MAIN"
                  }
                ]
              }
            }
          ]
        }
      }
    }
  }
}