{
  "http://schemas.xmlsoap.org/soap/envelope/:Envelope": {
    "http://schemas.xmlsoap.org/soap/envelope/:Header": null,
    "http://schemas.xmlsoap.org/soap/envelope/:Body": {
      "x:VertexEnvelope": {
        "x:Login": {
          "x:TrustedId": "3554784910394893"
        },
        "x:QuotationRequest": {
          "@documentNumber": "10400430800",
          "@documentDate": "2021-02-09",
          "@transactionId": "931413",
          "@transactionType": "SALE",
          "@xmlns": {
            "soapenv": "http://schemas.xmlsoap.org/soap/envelope/",
            "": "urn:vertexinc:o-series:tps:7:0"
          },
          "x:Currency": {
            "@isoCurrencyCodeAlpha": "USD"
          },
          "x:Customer": {
            "x:CustomerCode": {
              "@classCode": "TAX",
              "#text": "05900859"
            },
            "x:Destination": {
              "x:StreetAddress1": "10524 ROSEHAVEN ST",
              "x:StreetAddress2": "APT 412",
              "x:City": "FAIRFAX",
              "x:MainDivision": "VA",
              "x:PostalCode": "22030",
              "x:Country": "US"
            }
          },
          "x:LineItem": [
            {
              "@lineItemNumber": "1",
              "@locationCode": "V",
              "x:Seller": {
                "x:Company": "GA01",
                "x:PhysicalOrigin": {
                  "x:StreetAddress1": null,
                  "x:StreetAddress2": null,
                  "x:City": null,
                  "x:MainDivision": null,
                  "x:PostalCode": null,
                  "x:Country": "US"
                }
              },
              "x:Product": {
                "@productClass": "PLNTSNONFOOD",
                "#text": "81166"
              },
              "x:Quantity": "1",
              "x:UnitPrice": "39.990",
              "x:ExtendedPrice": "39.99"
            },
            {
              "@lineItemNumber": "2",
              "@locationCode": "V",
              "x:Seller": {
                "x:Company": "GA01",
                "x:PhysicalOrigin": {
                  "x:StreetAddress1": null,
                  "x:StreetAddress2": null,
                  "x:City": null,
                  "x:MainDivision": null,
                  "x:PostalCode": null,
                  "x:Country": "US"
                }
              },
              "x:Product": {
                "@productClass": "SHIPPING",
                "#text": "FREIGHT"
              },
              "x:Quantity": "1",
              "x:UnitPrice": "12.99",
              "x:ExtendedPrice": "12.99"
            }
          ]
        }
      }
    }
  }
}