{
  "http://schemas.xmlsoap.org/soap/envelope/:Envelope": {
    "http://schemas.xmlsoap.org/soap/envelope/:Header": null,
    "http://schemas.xmlsoap.org/soap/envelope/:Body": {
      "x:VertexEnvelope": {
        "x:Login": {
          "x:TrustedId": "7561636305862266"
        },
        "x:QuotationRequest": {
          "@transactionType": "SALE",
          "@documentDate": "2021-02-09",
          "@documentNumber": "16815049-0",
          "@xmlns": {
            "soapenv": "http://schemas.xmlsoap.org/soap/envelope/",
            "": "urn:vertexinc:o-series:tps:7:0"
          },
          "x:Seller": {
            "x:Company": "Acme-Prod",
            "x:PhysicalOrigin": {
              "x:StreetAddress1": "629 SW 9th St",
              "x:StreetAddress2": null,
              "x:City": "DES MOINES",
              "x:MainDivision": "IA",
              "x:PostalCode": "50309-4513",
              "x:Country": "USA"
            }
          },
          "x:Customer": {
            "x:CustomerCode": {
              "@classCode": "NULL",
              "#text": "10941"
            },
            "x:Destination": {
              "x:StreetAddress1": "AMBER HENDERSON",
              "x:StreetAddress2": "17545 MONROE WAPELLO Rd",
              "x:City": "Eddyville",
              "x:MainDivision": "IA",
              "x:PostalCode": "52553",
              "x:Country": "USA"
            }
          },
          "x:LineItem": [
            {
              "@lineItemNumber": "1",
              "@locationCode": "410",
              "x:Product": null,
              "x:Quantity": "9.00",
              "x:UnitPrice": "107.9900",
              "x:ExtendedPrice": "971.9100",
              "x:FlexibleFields": {
                "x:FlexibleCodeField": [
                  {
                    "@fieldId": "3",
                    "#text": "DS0908CF10"
                  },
                  {
                    "@fieldId": "4",
                    "#text": "DIABLO 9  Steel Demon Carbide"
                  },
                  {
                    "@fieldId": "5",
                    "#text": "C   W Services"
                  },
                  {
                    "@fieldId": "6",
                    "#text": "6"
                  }
                ]
              }
            },
            {
              "@lineItemNumber": "2",
              "@locationCode": "410",
              "x:Product": "MISC",
              "x:Quantity": "1.00",
              "x:UnitPrice": "-145.7900",
              "x:ExtendedPrice": "-145.7900",
              "x:FlexibleFields": {
                "x:FlexibleCodeField": [
                  {
                    "@fieldId": "3"
                  },
                  {
                    "@fieldId": "4"
                  },
                  {
                    "@fieldId": "5",
                    "#text": "C   W Services"
                  },
                  {
                    "@fieldId": "6",
                    "#text": "6"
                  }
                ]
              }
            }
          ]
        }
      }
    }
  }
}