{
  "http://schemas.xmlsoap.org/soap/envelope/:Envelope": {
    "http://schemas.xmlsoap.org/soap/envelope/:Header": null,
    "http://schemas.xmlsoap.org/soap/envelope/:Body": {
      "x:VertexEnvelope": {
        "x:Login": {
          "x:TrustedId": "3627566757928028"
        },
        "x:QuotationRequest": {
          "@documentDate": "2021-02-09",
          "@documentNumber": "0fa65881b7384c0b85ffa43e03395156",
          "@transactionType": "SALE",
          "@xmlns": {
            "SOAP-ENV": "http://schemas.xmlsoap.org/soap/envelope/",
            "ns2": "urn:vertexinc:o-series:tps:7:0"
          },
          "x:Seller": {
            "x:Company": "SCG",
            "x:PhysicalOrigin": {
              "@taxAreaId": "802760000"
            }
          },
          "x:Customer": {
            "x:Destination": {
              "x:PostalCode": "60002",
              "x:Country": "US"
            }
          },
          "x:LineItem": {
            "x:Product": {
              "@productClass": "consumer-subscription",
              "#text": "go"
            },
            "x:ExtendedPrice": "4.99"
          }
        }
      }
    }
  }
}