{
  "http://schemas.xmlsoap.org/soap/envelope/:Envelope": {
    "http://schemas.xmlsoap.org/soap/envelope/:Body": {
      "x:VertexEnvelope": {
        "x:Login": {
          "x:UserName": null,
          "x:TrustedId": "2776081307334352"
        },
        "x:QuotationRequest": {
          "@transactionType": "SALE",
          "@documentDate": "2021-02-09",
          "@locationCode": "040",
          "@documentNumber": "040-040-02-24036",
          "@xmlns": {
            "s": "http://schemas.xmlsoap.org/soap/envelope/",
            "xsi": "http://www.w3.org/2001/XMLSchema-instance",
            "xsd": "http://www.w3.org/2001/XMLSchema",
            "": "urn:vertexinc:o-series:tps:7:0"
          },
          "x:Currency": {
            "@isoCurrencyCodeAlpha": "USD"
          },
          "x:Seller": {
            "x:Company": "BGHT",
            "x:PhysicalOrigin": {
              "x:StreetAddress1": "5124 Summer Ave",
              "x:City": "Memphis",
              "x:MainDivision": "TN",
              "x:PostalCode": "38122",
              "x:Country": "USA"
            },
            "x:AdministrativeOrigin": {
              "x:StreetAddress1": "5124 Summer Ave",
              "x:City": "Memphis",
              "x:MainDivision": "TN",
              "x:PostalCode": "38122",
              "x:Country": "USA"
            }
          },
          "x:Customer": {
            "x:CustomerCode": {
              "@classCode": "04 RETAIL",
              "#text": "CUST-29042"
            },
            "x:Destination": {
              "x:StreetAddress1": "5124 Summer Ave",
              "x:City": "Memphis",
              "x:MainDivision": "TN",
              "x:PostalCode": "38122",
              "x:Country": "USA"
            }
          },
          "x:LineItem": [
            {
              "@lineItemId": "1.0",
              "@lineItemNumber": "0",
              "@locationCode": "040",
              "x:Seller": {
                "x:Company": "BGHT",
                "x:PhysicalOrigin": {
                  "x:StreetAddress1": "5124 Summer Ave",
                  "x:City": "Memphis",
                  "x:MainDivision": "TN",
                  "x:PostalCode": "38122",
                  "x:Country": "USA"
                },
                "x:AdministrativeOrigin": {
                  "x:StreetAddress1": "5124 Summer Ave",
                  "x:City": "Memphis",
                  "x:MainDivision": "TN",
                  "x:PostalCode": "38122",
                  "x:Country": "USA"
                }
              },
              "x:Customer": {
                "x:CustomerCode": {
                  "@classCode": "04 RETAIL",
                  "#text": "CUST-29042"
                },
                "x:Destination": {
                  "x:StreetAddress1": "5124 Summer Ave",
                  "x:City": "Memphis",
                  "x:MainDivision": "TN",
                  "x:PostalCode": "38122",
                  "x:Country": "USA"
                }
              },
              "x:Product": {
                "@productClass": "401021",
                "#text": "0004757259"
              },
              "x:Quantity": {
                "@unitOfMeasure": "Ea",
                "#text": "1.00"
              },
              "x:ExtendedPrice": "12.00",
              "x:Discount": {
                "@userDefinedDiscountCode": "",
                "x:DiscountAmount": "0"
              },
              "x:FlexibleFields": null
            },
            {
              "@lineItemId": "2.0",
              "@lineItemNumber": "0",
              "@locationCode": "040",
              "x:Seller": {
                "x:Company": "BGHT",
                "x:PhysicalOrigin": {
                  "x:StreetAddress1": "5124 Summer Ave",
                  "x:City": "Memphis",
                  "x:MainDivision": "TN",
                  "x:PostalCode": "38122",
                  "x:Country": "USA"
                },
                "x:AdministrativeOrigin": {
                  "x:StreetAddress1": "5124 Summer Ave",
                  "x:City": "Memphis",
                  "x:MainDivision": "TN",
                  "x:PostalCode": "38122",
                  "x:Country": "USA"
                }
              },
              "x:Customer": {
                "x:CustomerCode": {
                  "@classCode": "04 RETAIL",
                  "#text": "CUST-29042"
                },
                "x:Destination": {
                  "x:StreetAddress1": "5124 Summer Ave",
                  "x:City": "Memphis",
                  "x:MainDivision": "TN",
                  "x:PostalCode": "38122",
                  "x:Country": "USA"
                }
              },
              "x:Product": {
                "@productClass": "101120",
                "#text": "144116296177692303"
              },
              "x:Quantity": {
                "@unitOfMeasure": "Ea",
                "#text": "1.00"
              },
              "x:ExtendedPrice": "1.00",
              "x:Discount": {
                "@userDefinedDiscountCode": "",
                "x:DiscountAmount": "0"
              },
              "x:FlexibleFields": null
            },
            {
              "@lineItemId": "3.0",
              "@lineItemNumber": "0",
              "@locationCode": "040",
              "x:Seller": {
                "x:Company": "BGHT",
                "x:PhysicalOrigin": {
                  "x:StreetAddress1": "5124 Summer Ave",
                  "x:City": "Memphis",
                  "x:MainDivision": "TN",
                  "x:PostalCode": "38122",
                  "x:Country": "USA"
                },
                "x:AdministrativeOrigin": {
                  "x:StreetAddress1": "5124 Summer Ave",
                  "x:City": "Memphis",
                  "x:MainDivision": "TN",
                  "x:PostalCode": "38122",
                  "x:Country": "USA"
                }
              },
              "x:Customer": {
                "x:CustomerCode": {
                  "@classCode": "04 RETAIL",
                  "#text": "CUST-29042"
                },
                "x:Destination": {
                  "x:StreetAddress1": "5124 Summer Ave",
                  "x:City": "Memphis",
                  "x:MainDivision": "TN",
                  "x:PostalCode": "38122",
                  "x:Country": "USA"
                }
              },
              "x:Product": {
                "@productClass": "101120",
                "#text": "144116296177692303"
              },
              "x:Quantity": {
                "@unitOfMeasure": "Ea",
                "#text": "1.00"
              },
              "x:ExtendedPrice": "1.00",
              "x:Discount": {
                "@userDefinedDiscountCode": "",
                "x:DiscountAmount": "0"
              },
              "x:FlexibleFields": null
            },
            {
              "@lineItemId": "4",
              "@lineItemNumber": "0",
              "@locationCode": "040",
              "x:Seller": {
                "x:Company": "BGHT",
                "x:PhysicalOrigin": {
                  "x:StreetAddress1": "5124 Summer Ave",
                  "x:City": "Memphis",
                  "x:MainDivision": "TN",
                  "x:PostalCode": "38122",
                  "x:Country": "USA"
                },
                "x:AdministrativeOrigin": {
                  "x:StreetAddress1": "5124 Summer Ave",
                  "x:City": "Memphis",
                  "x:MainDivision": "TN",
                  "x:PostalCode": "38122",
                  "x:Country": "USA"
                }
              },
              "x:Customer": {
                "x:CustomerCode": {
                  "@classCode": "04 RETAIL",
                  "#text": "CUST-29042"
                },
                "x:Destination": {
                  "x:StreetAddress1": "5124 Summer Ave",
                  "x:City": "Memphis",
                  "x:MainDivision": "TN",
                  "x:PostalCode": "38122",
                  "x:Country": "USA"
                }
              },
              "x:Product": {
                "@productClass": "101042",
                "#text": "0004672686"
              },
              "x:Quantity": {
                "@unitOfMeasure": "Ea",
                "#text": "3.00"
              },
              "x:ExtendedPrice": "3.75",
              "x:Discount": {
                "@userDefinedDiscountCode": "",
                "x:DiscountAmount": "0"
              },
              "x:FlexibleFields": null
            }
          ]
        }
      }
    }
  }
}