{
  "http://schemas.xmlsoap.org/soap/envelope/:Envelope": {
    "http://schemas.xmlsoap.org/soap/envelope/:Body": {
      "x:VertexEnvelope": {
        "x:Login": {
          "x:TrustedId": "4918181244406752"
        },
        "x:QuotationRequest": {
          "@documentNumber": "PENDING_ORDER_3665319",
          "@documentDate": "2021-02-09Z",
          "@transactionType": "SALE",
          "@xmlns": {
            "S": "http://schemas.xmlsoap.org/soap/envelope/",
            "": "urn:vertexinc:o-series:tps:7:0"
          },
          "x:Seller": {
            "x:Company": "001",
            "x:PhysicalOrigin": {
              "x:City": "Westampton",
              "x:MainDivision": "NJ",
              "x:PostalCode": "080605652",
              "x:Country": "USA"
            }
          },
          "x:Customer": {
            "x:CustomerCode": "3665319",
            "x:Destination": {
              "x:StreetAddress1": "1193 Michigan Ave",
              "x:City": "Columbus",
              "x:MainDivision": "OH",
              "x:PostalCode": "432010000",
              "x:Country": "USA"
            }
          },
          "x:LineItem": [
            {
              "@lineItemNumber": "1",
              "x:Product": {
                "@productClass": "Freight"
              },
              "x:Quantity": {
                "@unitOfMeasure": "EA",
                "#text": "1"
              },
              "x:UnitPrice": "7.99",
              "x:ExtendedPrice": "7.99"
            },
            {
              "@lineItemNumber": "2",
              "x:Product": {
                "@productClass": "Groceries"
              },
              "x:Quantity": {
                "@unitOfMeasure": "EA",
                "#text": "1"
              },
              "x:UnitPrice": "71.94",
              "x:ExtendedPrice": "71.94"
            }
          ]
        }
      }
    }
  }
}