{
  "http://schemas.xmlsoap.org/soap/envelope/:Envelope": {
    "http://schemas.xmlsoap.org/soap/envelope/:Header": null,
    "http://schemas.xmlsoap.org/soap/envelope/:Body": {
      "x:VertexEnvelope": {
        "x:Login": {
          "x:TrustedId": "9161931543972142"
        },
        "x:InvoiceRequest": {
          "@documentDate": "2021-02-09",
          "@documentNumber": "foodnetwork-28634-1612891454367",
          "@transactionType": "SALE",
          "@xmlns": {
            "SOAP-ENV": "http://schemas.xmlsoap.org/soap/envelope/",
            "ns2": "urn:vertexinc:o-series:tps:7:0"
          },
          "x:Currency": {
            "@isoCurrencyCodeAlpha": "USD"
          },
          "x:Seller": {
            "x:Company": "540"
          },
          "x:Customer": {
            "x:CustomerCode": "9d12ee43-0704-4ecf-b2dd-e565a5f0b4d7",
            "x:Destination": {
              "x:StreetAddress1": "1110 N Huron River Dr Apt 101",
              "x:City": "Ypsilanti",
              "x:MainDivision": "MI",
              "x:PostalCode": "48197-2358",
              "x:Country": "US"
            }
          },
          "x:LineItem": {
            "@lineItemNumber": "1",
            "x:Seller": {
              "x:Company": "540"
            },
            "x:Customer": {
              "x:CustomerCode": "9d12ee43-0704-4ecf-b2dd-e565a5f0b4d7",
              "x:Destination": {
                "x:StreetAddress1": "1110 N Huron River Dr Apt 101",
                "x:City": "Ypsilanti",
                "x:MainDivision": "MI",
                "x:PostalCode": "48197-2358",
                "x:Country": "US"
              }
            },
            "x:Product": {
              "@productClass": "STRMVID"
            },
            "x:Quantity": "1.0",
            "x:ExtendedPrice": "6.99",
            "x:FlexibleFields": {
              "x:FlexibleCodeField": {
                "@fieldId": "1",
                "#text": "FNK"
              }
            }
          }
        }
      }
    }
  }
}