{
  "http://schemas.xmlsoap.org/soap/envelope/:Envelope": {
    "http://schemas.xmlsoap.org/soap/envelope/:Header": null,
    "http://schemas.xmlsoap.org/soap/envelope/:Body": {
      "x:VertexEnvelope": {
        "x:Login": {
          "x:TrustedId": "1825551926522263"
        },
        "x:TaxAreaRequest": {
          "x:TaxAreaLookup": {
            "x:PostalAddress": {
              "x:StreetAddress1": "1050 Delaware Ave",
              "x:City": "Marion",
              "x:MainDivision": "OH",
              "x:PostalCode": "43302-6416",
              "x:Country": "US"
            }
          }
        }
      }
    }
  }
}