{
  "http://schemas.xmlsoap.org/soap/envelope/:Envelope": {
    "http://schemas.xmlsoap.org/soap/envelope/:Body": {
      "x:VertexEnvelope": {
        "x:Login": {
          "x:TrustedId": "2890390686295368"
        },
        "x:QuotationRequest": {
          "@returnAssistedParametersIndicator": "true",
          "@deliveryTerm": "SUP",
          "@documentDate": "2021-02-09",
          "@transactionType": "SALE",
          "@xmlns": {
            "SOAP-ENV": "http://schemas.xmlsoap.org/soap/envelope/",
            "ns1": "urn:vertexinc:o-series:tps:7:0"
          },
          "x:Currency": {
            "@isoCurrencyCodeAlpha": "USD"
          },
          "x:Seller": {
            "x:Company": "YWCB2C",
            "x:PhysicalOrigin": {
              "x:StreetAddress1": "750 Linden Ave.",
              "x:City": "York",
              "x:MainDivision": "PA",
              "x:PostalCode": "17404",
              "x:Country": "USA"
            }
          },
          "x:Customer": {
            "x:CustomerCode": {
              "@classCode": "Retail Customer",
              "#text": "General"
            },
            "x:Destination": null
          },
          "x:LineItem": {
            "@lineItemId": "sequence-1",
            "x:Product": {
              "@productClass": "Taxable Goods",
              "#text": "BH8399W2"
            },
            "x:Quantity": "1",
            "x:UnitPrice": "5.5",
            "x:ExtendedPrice": "5.5"
          }
        }
      }
    }
  }
}