{
  "http://schemas.xmlsoap.org/soap/envelope/:Envelope": {
    "http://schemas.xmlsoap.org/soap/envelope/:Header": null,
    "http://schemas.xmlsoap.org/soap/envelope/:Body": {
      "x:VertexEnvelope": {
        "x:Login": {
          "x:TrustedId": "1825551926522263"
        },
        "x:QuotationRequest": {
          "@transactionType": "SALE",
          "@xmlns": {
            "SOAP-ENV": "http://schemas.xmlsoap.org/soap/envelope/",
            "ns2": "urn:vertexinc:o-series:tps:7:0"
          },
          "x:Seller": {
            "x:Company": "14",
            "x:AdministrativeOrigin": {
              "x:StreetAddress1": "28100 Torch Pkwy",
              "x:City": "Warrenville",
              "x:MainDivision": "IL",
              "x:PostalCode": "60555",
              "x:Country": "US"
            }
          },
          "x:Customer": {
            "x:CustomerCode": "21111",
            "x:Destination": {
              "x:StreetAddress1": "524 E Lincoln St",
              "x:City": "Ewing",
              "x:MainDivision": "NE",
              "x:PostalCode": "68735-5620",
              "x:Country": "US"
            }
          },
          "x:LineItem": [
            {
              "@lineItemNumber": "2",
              "x:Product": "081287226",
              "x:CommodityCode": null,
              "x:Quantity": "1.0",
              "x:UnitPrice": "25.76",
              "x:ExtendedPrice": "25.76"
            },
            {
              "@lineItemNumber": "3",
              "x:Product": "081288539",
              "x:CommodityCode": null,
              "x:Quantity": "1.0",
              "x:UnitPrice": "8.51",
              "x:ExtendedPrice": "8.51"
            },
            {
              "@lineItemNumber": "5",
              "x:Product": {
                "@productClass": "TAX0001",
                "#text": "081339332"
              },
              "x:CommodityCode": null,
              "x:Quantity": "1.0",
              "x:UnitPrice": "12.63",
              "x:ExtendedPrice": "12.63"
            },
            {
              "@lineItemNumber": "8",
              "x:Product": {
                "@productClass": "TAX0001",
                "#text": "081339373"
              },
              "x:CommodityCode": null,
              "x:Quantity": "1.0",
              "x:UnitPrice": "13.31",
              "x:ExtendedPrice": "13.31"
            },
            {
              "@lineItemNumber": "6",
              "x:Product": {
                "@productClass": "TAX0001",
                "#text": "081339357"
              },
              "x:CommodityCode": null,
              "x:Quantity": "1.0",
              "x:UnitPrice": "12.63",
              "x:ExtendedPrice": "12.63"
            },
            {
              "@lineItemNumber": "7",
              "x:Product": {
                "@productClass": "TAX0001",
                "#text": "081339365"
              },
              "x:CommodityCode": null,
              "x:Quantity": "1.0",
              "x:UnitPrice": "12.63",
              "x:ExtendedPrice": "12.63"
            },
            {
              "@lineItemNumber": "1",
              "x:Product": "081014794",
              "x:CommodityCode": null,
              "x:Quantity": "1.0",
              "x:UnitPrice": "22.23",
              "x:ExtendedPrice": "22.23"
            },
            {
              "@lineItemNumber": "4",
              "x:Product": {
                "@productClass": "PA10100",
                "#text": "081166701"
              },
              "x:CommodityCode": null,
              "x:Quantity": "2.0",
              "x:UnitPrice": "1.81",
              "x:ExtendedPrice": "3.62"
            },
            {
              "@lineItemNumber": "-1",
              "x:Product": {
                "@productClass": "Handling",
                "#text": "Handling"
              },
              "x:CommodityCode": null,
              "x:UnitPrice": "0.0",
              "x:ExtendedPrice": "0.0"
            }
          ]
        }
      }
    }
  }
}