{
  "http://schemas.xmlsoap.org/soap/envelope/:Envelope": {
    "http://schemas.xmlsoap.org/soap/envelope/:Body": {
      "x:VertexEnvelope": {
        "x:Login": {
          "x:TrustedId": "7649555430638576"
        },
        "x:QuotationRequest": {
          "@documentNumber": "Micls",
          "@returnAssistedParametersIndicator": "true",
          "@documentDate": "2021-02-09-06:00",
          "@transactionType": "SALE",
          "@xmlns": {
            "soap": "http://schemas.xmlsoap.org/soap/envelope/",
            "": "urn:vertexinc:o-series:tps:7:0"
          },
          "x:Currency": {
            "@isoCurrencyCodeAlpha": "CAD"
          },
          "x:Seller": {
            "x:Company": "4000"
          },
          "x:LineItem": [
            {
              "@lineItemNumber": "1",
              "@lineItemId": "a92f82b374b7cb3ef3d392c6d7",
              "x:Customer": {
                "x:Destination": {
                  "@locationCode": "3622"
                }
              },
              "x:Product": {
                "@productClass": "333"
              },
              "x:Quantity": {
                "@unitOfMeasure": "EA",
                "#text": "2.0"
              },
              "x:ExtendedPrice": "10.18"
            },
            {
              "@lineItemNumber": "2",
              "@lineItemId": "241ef0a23fbdb131cfc494cef9",
              "x:Customer": {
                "x:Destination": {
                  "@locationCode": "3622"
                }
              },
              "x:Product": {
                "@productClass": "333"
              },
              "x:Quantity": {
                "@unitOfMeasure": "EA",
                "#text": "2.0"
              },
              "x:ExtendedPrice": "11.98"
            },
            {
              "@lineItemNumber": "3",
              "@lineItemId": "fecfa1c1502b5480e02239a682",
              "x:Customer": {
                "x:Destination": {
                  "@locationCode": "3622"
                }
              },
              "x:Product": {
                "@productClass": "199"
              },
              "x:Quantity": {
                "@unitOfMeasure": "EA",
                "#text": "1.0"
              },
              "x:ExtendedPrice": "0.0"
            }
          ]
        }
      }
    }
  }
}