{
  "http://schemas.xmlsoap.org/soap/envelope/:Envelope": {
    "http://schemas.xmlsoap.org/soap/envelope/:Header": null,
    "http://schemas.xmlsoap.org/soap/envelope/:Body": {
      "x:VertexEnvelope": {
        "x:Login": {
          "x:TrustedId": "1170387372762840"
        },
        "x:QuotationRequest": {
          "@documentDate": "2021-02-12",
          "@transactionType": "SALE",
          "@xmlns": {
            "SOAP-ENV": "http://schemas.xmlsoap.org/soap/envelope/",
            "ns2": "urn:vertexinc:o-series:tps:7:0"
          },
          "x:Currency": {
            "@isoCurrencyCodeAlpha": "USD"
          },
          "x:LineItem": {
            "@lineItemNumber": "1",
            "x:Seller": {
              "x:Company": "RNLLCProd",
              "x:PhysicalOrigin": {
                "x:StreetAddress1": "1500 Perimeter Park Drive",
                "x:StreetAddress2": "Suite 210",
                "x:City": "Morrisville",
                "x:MainDivision": "NC",
                "x:PostalCode": "27560",
                "x:Country": "US"
              },
              "x:AdministrativeOrigin": {
                "x:StreetAddress1": "1500 Perimeter Park Drive",
                "x:StreetAddress2": "Suite 210",
                "x:City": "Morrisville",
                "x:MainDivision": "NC",
                "x:PostalCode": "27560",
                "x:Country": "US"
              }
            },
            "x:Customer": {
              "x:CustomerCode": "artist_5805440",
              "x:Destination": {
                "x:StreetAddress1": "225 Self Hollow Road",
                "x:City": "Rockford",
                "x:MainDivision": "TN",
                "x:PostalCode": "37853",
                "x:Country": "US"
              },
              "x:AdministrativeDestination": {
                "x:StreetAddress1": "225 Self Hollow Road",
                "x:City": "Rockford",
                "x:MainDivision": "TN",
                "x:PostalCode": "37853",
                "x:Country": "US"
              }
            },
            "x:Product": "100",
            "x:Quantity": "1.0",
            "x:ExtendedPrice": "3.99"
          }
        }
      }
    }
  }
}