{
  "http://schemas.xmlsoap.org/soap/envelope/:Envelope": {
    "http://schemas.xmlsoap.org/soap/envelope/:Body": {
      "x:VertexEnvelope": {
        "x:Login": {
          "x:TrustedId": "3998310596563499"
        },
        "x:QuotationRequest": {
          "@documentDate": "2021-02-09",
          "@transactionType": "SALE",
          "@xmlns": {
            "soapenv": "http://schemas.xmlsoap.org/soap/envelope/",
            "xsd": "http://www.w3.org/2001/XMLSchema",
            "xsi": "http://www.w3.org/2001/XMLSchema-instance",
            "": "urn:vertexinc:o-series:tps:7:0"
          },
          "x:Seller": {
            "x:Company": "899",
            "x:PhysicalOrigin": {
              "x:City": "Groveport",
              "x:MainDivision": "OH",
              "x:PostalCode": "43215",
              "x:Country": "USA"
            },
            "x:AdministrativeOrigin": {
              "x:City": "Groveport",
              "x:MainDivision": "OH",
              "x:PostalCode": "43215",
              "x:Country": "USA"
            }
          },
          "x:Customer": null,
          "x:LineItem": [
            {
              "@lineItemId": "PRODUCT??1320589",
              "@lineItemNumber": "1",
              "x:Customer": {
                "x:Destination": {
                  "x:StreetAddress1": "751 Vandenburg Rd Apt 2222",
                  "x:City": "King of Prussia",
                  "x:MainDivision": "PA",
                  "x:PostalCode": "19406-1662",
                  "x:Country": "us"
                }
              },
              "x:Product": {
                "@productClass": "0811",
                "#text": "Floral California Sporty Bikini Bottom"
              },
              "x:Quantity": "1.0",
              "x:ExtendedPrice": "24.95",
              "x:Discount": {
                "x:DiscountAmount": "0.0"
              }
            },
            {
              "@lineItemId": "PRODUCT??1302165",
              "@lineItemNumber": "2",
              "x:Customer": {
                "x:Destination": {
                  "x:StreetAddress1": "751 Vandenburg Rd Apt 2222",
                  "x:City": "King of Prussia",
                  "x:MainDivision": "PA",
                  "x:PostalCode": "19406-1662",
                  "x:Country": "us"
                }
              },
              "x:Product": {
                "@productClass": "0810",
                "#text": "Floral California Bikini Top"
              },
              "x:Quantity": "1.0",
              "x:ExtendedPrice": "26.95",
              "x:Discount": {
                "x:DiscountAmount": "0.0"
              }
            },
            {
              "@lineItemId": "PRODUCT??1059112",
              "@lineItemNumber": "3",
              "x:Customer": {
                "x:Destination": {
                  "x:StreetAddress1": "751 Vandenburg Rd Apt 2222",
                  "x:City": "King of Prussia",
                  "x:MainDivision": "PA",
                  "x:PostalCode": "19406-1662",
                  "x:Country": "us"
                }
              },
              "x:Product": {
                "@productClass": "0850",
                "#text": "Made Of Magic Sweatpants"
              },
              "x:Quantity": "1.0",
              "x:ExtendedPrice": "35.00",
              "x:Discount": {
                "x:DiscountAmount": "9.0"
              }
            },
            {
              "@lineItemId": "PRODUCT??1498922",
              "@lineItemNumber": "4",
              "x:Customer": {
                "x:Destination": {
                  "x:StreetAddress1": "751 Vandenburg Rd Apt 2222",
                  "x:City": "King of Prussia",
                  "x:MainDivision": "PA",
                  "x:PostalCode": "19406-1662",
                  "x:Country": "us"
                }
              },
              "x:Product": {
                "@productClass": "0638",
                "#text": "By PacSun Darling Ribbed Bra"
              },
              "x:Quantity": "1.0",
              "x:ExtendedPrice": "30.00",
              "x:Discount": {
                "x:DiscountAmount": "0.0"
              }
            },
            {
              "@lineItemId": "PRODUCT??8759730",
              "@lineItemNumber": "5",
              "x:Customer": {
                "x:Destination": {
                  "x:StreetAddress1": "751 Vandenburg Rd Apt 2222",
                  "x:City": "King of Prussia",
                  "x:MainDivision": "PA",
                  "x:PostalCode": "19406-1662",
                  "x:Country": "us"
                }
              },
              "x:Product": {
                "@productClass": "0860",
                "#text": "Light High Waisted Straight Leg Jeans"
              },
              "x:Quantity": "1.0",
              "x:ExtendedPrice": "38.46",
              "x:Discount": {
                "x:DiscountAmount": "16.490000000000002"
              }
            },
            {
              "@lineItemId": "SHIPPING??STANDARD_SHIPPING",
              "@lineItemNumber": "6",
              "x:Customer": {
                "x:Destination": {
                  "x:StreetAddress1": "751 Vandenburg Rd Apt 2222",
                  "x:City": "King of Prussia",
                  "x:MainDivision": "PA",
                  "x:PostalCode": "19406-1662",
                  "x:Country": "us"
                }
              },
              "x:Product": "SHP",
              "x:Quantity": "1.0",
              "x:ExtendedPrice": "8.00"
            }
          ]
        }
      }
    }
  }
}