{
  "http://schemas.xmlsoap.org/soap/envelope/:Envelope": {
    "http://schemas.xmlsoap.org/soap/envelope/:Header": null,
    "http://schemas.xmlsoap.org/soap/envelope/:Body": {
      "x:VertexEnvelope": {
        "x:Login": {
          "x:TrustedId": "8105174526942882"
        },
        "x:InvoiceRequest": {
          "@documentDate": "2021-02-09",
          "@documentNumber": "W01005739534608",
          "@transactionType": "SALE",
          "@xmlns": {
            "SOAP-ENV": "http://schemas.xmlsoap.org/soap/envelope/",
            "ns2": "urn:vertexinc:o-series:tps:7:0"
          },
          "x:LineItem": [
            {
              "@lineItemId": "241488921_ITM",
              "@lineItemNumber": "241488921",
              "x:Seller": {
                "x:Company": "10",
                "x:PhysicalOrigin": {
                  "@taxAreaId": "330590000"
                }
              },
              "x:Customer": {
                "@isTaxExempt": "false",
                "x:Destination": {
                  "x:StreetAddress1": "12405 N. Gessner Rd",
                  "x:City": "Houston",
                  "x:MainDivision": "TX",
                  "x:PostalCode": "77064",
                  "x:Country": "USA"
                }
              },
              "x:Product": {
                "@productClass": "03",
                "#text": "172972"
              },
              "x:Quantity": "1.0",
              "x:ExtendedPrice": "39.99",
              "x:FlexibleFields": {
                "x:FlexibleCodeField": [
                  {
                    "@fieldId": "1",
                    "#text": "Original"
                  },
                  {
                    "@fieldId": "2",
                    "#text": "WEB"
                  },
                  {
                    "@fieldId": "8",
                    "#text": "172972"
                  },
                  {
                    "@fieldId": "9",
                    "#text": "1009"
                  },
                  {
                    "@fieldId": "11",
                    "#text": "GPT"
                  },
                  {
                    "@fieldId": "15",
                    "#text": "TX"
                  },
                  {
                    "@fieldId": "20",
                    "#text": "Renee Brown"
                  },
                  {
                    "@fieldId": "21",
                    "#text": "Costco"
                  },
                  {
                    "@fieldId": "22",
                    "#text": "Houston"
                  },
                  {
                    "@fieldId": "23",
                    "#text": "TX"
                  },
                  {
                    "@fieldId": "3",
                    "#text": "03"
                  }
                ],
                "x:FlexibleNumericField": {
                  "@fieldId": "3",
                  "#text": "1.0"
                }
              }
            },
            {
              "@lineItemId": "241488921_FRT",
              "@lineItemNumber": "241488921",
              "x:Seller": {
                "x:Company": "10",
                "x:PhysicalOrigin": {
                  "@taxAreaId": "330590000"
                }
              },
              "x:Customer": {
                "@isTaxExempt": "false",
                "x:Destination": {
                  "x:StreetAddress1": "12405 N. Gessner Rd",
                  "x:City": "Houston",
                  "x:MainDivision": "TX",
                  "x:PostalCode": "77064",
                  "x:Country": "USA"
                }
              },
              "x:Product": {
                "@productClass": "03",
                "#text": "FRT"
              },
              "x:ExtendedPrice": "0.0",
              "x:FlexibleFields": {
                "x:FlexibleCodeField": [
                  {
                    "@fieldId": "1",
                    "#text": "Original"
                  },
                  {
                    "@fieldId": "2",
                    "#text": "WEB"
                  },
                  {
                    "@fieldId": "8",
                    "#text": "172972"
                  },
                  {
                    "@fieldId": "9",
                    "#text": "1009"
                  },
                  {
                    "@fieldId": "11",
                    "#text": "GPT"
                  },
                  {
                    "@fieldId": "15",
                    "#text": "TX"
                  },
                  {
                    "@fieldId": "20",
                    "#text": "Renee Brown"
                  },
                  {
                    "@fieldId": "21",
                    "#text": "Costco"
                  },
                  {
                    "@fieldId": "22",
                    "#text": "Houston"
                  },
                  {
                    "@fieldId": "23",
                    "#text": "TX"
                  },
                  {
                    "@fieldId": "3",
                    "#text": "03"
                  }
                ],
                "x:FlexibleNumericField": {
                  "@fieldId": "3",
                  "#text": "1.0"
                }
              }
            },
            {
              "@lineItemId": "228311001_ITM",
              "@lineItemNumber": "228311001",
              "x:Seller": {
                "x:Company": "10",
                "x:PhysicalOrigin": {
                  "@taxAreaId": "330590000"
                }
              },
              "x:Customer": {
                "@isTaxExempt": "false",
                "x:Destination": {
                  "x:StreetAddress1": "5205 Lavey Ln",
                  "x:City": "Baker",
                  "x:MainDivision": "LA",
                  "x:PostalCode": "70714",
                  "x:Country": "USA"
                }
              },
              "x:Product": {
                "@productClass": "03",
                "#text": "141900"
              },
              "x:Quantity": "1.0",
              "x:ExtendedPrice": "19.99",
              "x:FlexibleFields": {
                "x:FlexibleCodeField": [
                  {
                    "@fieldId": "1",
                    "#text": "Original"
                  },
                  {
                    "@fieldId": "2",
                    "#text": "WEB"
                  },
                  {
                    "@fieldId": "8",
                    "#text": "141900"
                  },
                  {
                    "@fieldId": "9",
                    "#text": "1001"
                  },
                  {
                    "@fieldId": "11",
                    "#text": "GPT"
                  },
                  {
                    "@fieldId": "15",
                    "#text": "LA"
                  },
                  {
                    "@fieldId": "20",
                    "#text": "Regina Georgetown"
                  },
                  {
                    "@fieldId": "21"
                  },
                  {
                    "@fieldId": "22",
                    "#text": "Baker"
                  },
                  {
                    "@fieldId": "23",
                    "#text": "LA"
                  },
                  {
                    "@fieldId": "3",
                    "#text": "03"
                  }
                ],
                "x:FlexibleNumericField": {
                  "@fieldId": "3",
                  "#text": "2.0"
                }
              }
            },
            {
              "@lineItemId": "228311001_FRT",
              "@lineItemNumber": "228311001",
              "x:Seller": {
                "x:Company": "10",
                "x:PhysicalOrigin": {
                  "@taxAreaId": "330590000"
                }
              },
              "x:Customer": {
                "@isTaxExempt": "false",
                "x:Destination": {
                  "x:StreetAddress1": "5205 Lavey Ln",
                  "x:City": "Baker",
                  "x:MainDivision": "LA",
                  "x:PostalCode": "70714",
                  "x:Country": "USA"
                }
              },
              "x:Product": {
                "@productClass": "03",
                "#text": "FRT"
              },
              "x:ExtendedPrice": "0.0",
              "x:FlexibleFields": {
                "x:FlexibleCodeField": [
                  {
                    "@fieldId": "1",
                    "#text": "Original"
                  },
                  {
                    "@fieldId": "2",
                    "#text": "WEB"
                  },
                  {
                    "@fieldId": "8",
                    "#text": "141900"
                  },
                  {
                    "@fieldId": "9",
                    "#text": "1001"
                  },
                  {
                    "@fieldId": "11",
                    "#text": "GPT"
                  },
                  {
                    "@fieldId": "15",
                    "#text": "LA"
                  },
                  {
                    "@fieldId": "20",
                    "#text": "Regina Georgetown"
                  },
                  {
                    "@fieldId": "21"
                  },
                  {
                    "@fieldId": "22",
                    "#text": "Baker"
                  },
                  {
                    "@fieldId": "23",
                    "#text": "LA"
                  },
                  {
                    "@fieldId": "3",
                    "#text": "03"
                  }
                ],
                "x:FlexibleNumericField": {
                  "@fieldId": "3",
                  "#text": "2.0"
                }
              }
            }
          ]
        }
      }
    }
  }
}