{
  "http://schemas.xmlsoap.org/soap/envelope/:Envelope": {
    "http://schemas.xmlsoap.org/soap/envelope/:Body": {
      "x:VertexEnvelope": {
        "x:Login": {
          "x:UserName": null,
          "x:TrustedId": "6527455886212922"
        },
        "x:QuotationRequest": {
          "@transactionType": "SALE",
          "@deliveryTerm": "FOB",
          "@documentDate": "2021-02-09",
          "@documentNumber": "SO-02211996",
          "@locationCode": "",
          "@xmlns": {
            "s": "http://schemas.xmlsoap.org/soap/envelope/",
            "xsi": "http://www.w3.org/2001/XMLSchema-instance",
            "xsd": "http://www.w3.org/2001/XMLSchema",
            "": "urn:vertexinc:o-series:tps:7:0"
          },
          "x:Currency": {
            "@isoCurrencyCodeAlpha": "USD"
          },
          "x:Seller": {
            "x:Company": "EW",
            "x:PhysicalOrigin": {
              "x:StreetAddress1": "263 Shoemaker Rd",
              "x:City": "Pottstown",
              "x:MainDivision": "PA",
              "x:PostalCode": "19464",
              "x:Country": "USA"
            },
            "x:AdministrativeOrigin": {
              "x:StreetAddress1": "263 Shoemaker Rd",
              "x:City": "Pottstown",
              "x:MainDivision": "PA",
              "x:PostalCode": "19464",
              "x:Country": "USA"
            }
          },
          "x:Customer": {
            "x:CustomerCode": {
              "@classCode": "REG",
              "#text": "0064848874"
            },
            "x:Destination": {
              "x:StreetAddress1": "458 Rogers Rd",
              "x:City": "York",
              "x:MainDivision": "ON",
              "x:PostalCode": "M6M 1A7",
              "x:Country": "CAN"
            }
          },
          "x:LineItem": {
            "@lineItemId": "5642890023",
            "@locationCode": "01",
            "@deliveryTerm": "FOB",
            "@lineItemNumber": "359",
            "x:Seller": {
              "x:Company": "EW",
              "x:PhysicalOrigin": {
                "x:StreetAddress1": "263 Shoemaker Road",
                "x:City": "Pottstown",
                "x:MainDivision": "PA",
                "x:PostalCode": "19464",
                "x:Country": "USA"
              },
              "x:AdministrativeOrigin": {
                "x:StreetAddress1": "263 Shoemaker Rd",
                "x:City": "Pottstown",
                "x:MainDivision": "PA",
                "x:PostalCode": "19464",
                "x:Country": "USA"
              }
            },
            "x:Customer": {
              "x:CustomerCode": {
                "@classCode": "REG",
                "#text": "0064848874"
              },
              "x:Destination": {
                "x:StreetAddress1": "458 Rogers Rd",
                "x:City": "York",
                "x:MainDivision": "ON",
                "x:PostalCode": "M6M 1A7",
                "x:Country": "CAN"
              }
            },
            "x:Product": {
              "@productClass": "PRD_TX",
              "#text": "21560"
            },
            "x:Quantity": "-1",
            "x:ExtendedPrice": "-242.99",
            "x:Discount": {
              "@userDefinedDiscountCode": "",
              "x:DiscountAmount": "0"
            },
            "x:FlexibleFields": null
          }
        }
      }
    }
  }
}