{
  "http://schemas.xmlsoap.org/soap/envelope/:Envelope": {
    "http://schemas.xmlsoap.org/soap/envelope/:Body": {
      "x:VertexEnvelope": {
        "x:Login": {
          "x:TrustedId": "7649555430638576"
        },
        "x:QuotationRequest": {
          "@documentNumber": "Micls",
          "@returnAssistedParametersIndicator": "true",
          "@documentDate": "2021-02-09-06:00",
          "@transactionType": "SALE",
          "@xmlns": {
            "soap": "http://schemas.xmlsoap.org/soap/envelope/",
            "": "urn:vertexinc:o-series:tps:7:0"
          },
          "x:Currency": {
            "@isoCurrencyCodeAlpha": "USD"
          },
          "x:Seller": {
            "x:Company": "1000"
          },
          "x:LineItem": [
            {
              "@lineItemNumber": "1",
              "@lineItemId": "0b0daeba30869ebdbf0ce664dc",
              "x:Customer": {
                "x:Destination": {
                  "x:StreetAddress1": "610 W 17th St",
                  "x:City": "Costa Mesa",
                  "x:MainDivision": "CA",
                  "x:PostalCode": "92627-3654",
                  "x:Country": "US"
                }
              },
              "x:Product": {
                "@productClass": "100"
              },
              "x:Quantity": {
                "@unitOfMeasure": "EA",
                "#text": "1.0"
              },
              "x:ExtendedPrice": "4.19"
            },
            {
              "@lineItemNumber": "2",
              "@lineItemId": "67f374ecfec222ca457a2182d8",
              "x:Customer": {
                "x:Destination": {
                  "x:StreetAddress1": "610 W 17th St",
                  "x:City": "Costa Mesa",
                  "x:MainDivision": "CA",
                  "x:PostalCode": "92627-3654",
                  "x:Country": "US"
                }
              },
              "x:Product": {
                "@productClass": "100"
              },
              "x:Quantity": {
                "@unitOfMeasure": "EA",
                "#text": "1.0"
              },
              "x:ExtendedPrice": "1.69"
            },
            {
              "@lineItemNumber": "3",
              "@lineItemId": "0f0bb6212546516b780d9d9616",
              "x:Customer": {
                "x:Destination": {
                  "x:StreetAddress1": "610 W 17th St",
                  "x:City": "Costa Mesa",
                  "x:MainDivision": "CA",
                  "x:PostalCode": "92627-3654",
                  "x:Country": "US"
                }
              },
              "x:Product": {
                "@productClass": "100"
              },
              "x:Quantity": {
                "@unitOfMeasure": "EA",
                "#text": "1.0"
              },
              "x:ExtendedPrice": "1.89"
            },
            {
              "@lineItemNumber": "4",
              "@lineItemId": "1f204ae1285091ee96879a7d0e",
              "x:Customer": {
                "x:Destination": {
                  "x:StreetAddress1": "610 W 17th St",
                  "x:City": "Costa Mesa",
                  "x:MainDivision": "CA",
                  "x:PostalCode": "92627-3654",
                  "x:Country": "US"
                }
              },
              "x:Product": {
                "@productClass": "100"
              },
              "x:Quantity": {
                "@unitOfMeasure": "EA",
                "#text": "1.0"
              },
              "x:ExtendedPrice": "1.89"
            },
            {
              "@lineItemNumber": "5",
              "@lineItemId": "6d1479169746a0aa7a579b69cd",
              "x:Customer": {
                "x:Destination": {
                  "x:StreetAddress1": "610 W 17th St",
                  "x:City": "Costa Mesa",
                  "x:MainDivision": "CA",
                  "x:PostalCode": "92627-3654",
                  "x:Country": "US"
                }
              },
              "x:Product": {
                "@productClass": "100"
              },
              "x:Quantity": {
                "@unitOfMeasure": "EA",
                "#text": "1.0"
              },
              "x:ExtendedPrice": "1.59"
            },
            {
              "@lineItemNumber": "6",
              "@lineItemId": "35547dd3dbfb775bfc609dc839",
              "x:Customer": {
                "x:Destination": {
                  "x:StreetAddress1": "610 W 17th St",
                  "x:City": "Costa Mesa",
                  "x:MainDivision": "CA",
                  "x:PostalCode": "92627-3654",
                  "x:Country": "US"
                }
              },
              "x:Product": {
                "@productClass": "100"
              },
              "x:Quantity": {
                "@unitOfMeasure": "EA",
                "#text": "1.0"
              },
              "x:ExtendedPrice": "1.59"
            },
            {
              "@lineItemNumber": "7",
              "@lineItemId": "16cdf8338d6c67acf985a9fc02",
              "x:Customer": {
                "x:Destination": {
                  "x:StreetAddress1": "610 W 17th St",
                  "x:City": "Costa Mesa",
                  "x:MainDivision": "CA",
                  "x:PostalCode": "92627-3654",
                  "x:Country": "US"
                }
              },
              "x:Product": {
                "@productClass": "100"
              },
              "x:Quantity": {
                "@unitOfMeasure": "EA",
                "#text": "1.0"
              },
              "x:ExtendedPrice": "2.99"
            },
            {
              "@lineItemNumber": "8",
              "@lineItemId": "7100765c028e3617b3f9185fb6",
              "x:Customer": {
                "x:Destination": {
                  "x:StreetAddress1": "610 W 17th St",
                  "x:City": "Costa Mesa",
                  "x:MainDivision": "CA",
                  "x:PostalCode": "92627-3654",
                  "x:Country": "US"
                }
              },
              "x:Product": {
                "@productClass": "100"
              },
              "x:Quantity": {
                "@unitOfMeasure": "EA",
                "#text": "1.0"
              },
              "x:ExtendedPrice": "1.89"
            },
            {
              "@lineItemNumber": "9",
              "@lineItemId": "1e312e8bbddf6420c27f8baff1",
              "x:Customer": {
                "x:Destination": {
                  "x:StreetAddress1": "610 W 17th St",
                  "x:City": "Costa Mesa",
                  "x:MainDivision": "CA",
                  "x:PostalCode": "92627-3654",
                  "x:Country": "US"
                }
              },
              "x:Product": {
                "@productClass": "100"
              },
              "x:Quantity": {
                "@unitOfMeasure": "EA",
                "#text": "1.0"
              },
              "x:ExtendedPrice": "3.49"
            },
            {
              "@lineItemNumber": "10",
              "@lineItemId": "ae02a7995f57f24b7c5dddd74d",
              "x:Customer": {
                "x:Destination": {
                  "x:StreetAddress1": "610 W 17th St",
                  "x:City": "Costa Mesa",
                  "x:MainDivision": "CA",
                  "x:PostalCode": "92627-3654",
                  "x:Country": "US"
                }
              },
              "x:Product": {
                "@productClass": "100"
              },
              "x:Quantity": {
                "@unitOfMeasure": "EA",
                "#text": "1.0"
              },
              "x:ExtendedPrice": "1.89"
            },
            {
              "@lineItemNumber": "11",
              "@lineItemId": "d9630ca1c177697d7af990b78a",
              "x:Customer": {
                "x:Destination": {
                  "x:StreetAddress1": "610 W 17th St",
                  "x:City": "Costa Mesa",
                  "x:MainDivision": "CA",
                  "x:PostalCode": "92627-3654",
                  "x:Country": "US"
                }
              },
              "x:Product": {
                "@productClass": "100"
              },
              "x:Quantity": {
                "@unitOfMeasure": "EA",
                "#text": "1.0"
              },
              "x:ExtendedPrice": "1.89"
            },
            {
              "@lineItemNumber": "12",
              "@lineItemId": "94e946b7168295f0717e708d60",
              "x:Customer": {
                "x:Destination": {
                  "x:StreetAddress1": "610 W 17th St",
                  "x:City": "Costa Mesa",
                  "x:MainDivision": "CA",
                  "x:PostalCode": "92627-3654",
                  "x:Country": "US"
                }
              },
              "x:Product": {
                "@productClass": "100"
              },
              "x:Quantity": {
                "@unitOfMeasure": "EA",
                "#text": "1.0"
              },
              "x:ExtendedPrice": "6.99"
            },
            {
              "@lineItemNumber": "13",
              "@lineItemId": "23c4f967861ce2731381fa3c0e",
              "x:Customer": {
                "x:Destination": {
                  "x:StreetAddress1": "610 W 17th St",
                  "x:City": "Costa Mesa",
                  "x:MainDivision": "CA",
                  "x:PostalCode": "92627-3654",
                  "x:Country": "US"
                }
              },
              "x:Product": {
                "@productClass": "100"
              },
              "x:Quantity": {
                "@unitOfMeasure": "EA",
                "#text": "1.0"
              },
              "x:ExtendedPrice": "6.99"
            },
            {
              "@lineItemNumber": "14",
              "@lineItemId": "f641f8d4ff42c342640e7878b1",
              "x:Customer": {
                "x:Destination": {
                  "x:StreetAddress1": "610 W 17th St",
                  "x:City": "Costa Mesa",
                  "x:MainDivision": "CA",
                  "x:PostalCode": "92627-3654",
                  "x:Country": "US"
                }
              },
              "x:Product": {
                "@productClass": "840"
              },
              "x:Quantity": {
                "@unitOfMeasure": "EA",
                "#text": "1.0"
              },
              "x:ExtendedPrice": "10.99"
            },
            {
              "@lineItemNumber": "15",
              "@lineItemId": "f3efa8461737cf226b5a4327db",
              "x:Customer": {
                "x:Destination": {
                  "x:StreetAddress1": "610 W 17th St",
                  "x:City": "Costa Mesa",
                  "x:MainDivision": "CA",
                  "x:PostalCode": "92627-3654",
                  "x:Country": "US"
                }
              },
              "x:Product": {
                "@productClass": "840"
              },
              "x:Quantity": {
                "@unitOfMeasure": "EA",
                "#text": "1.0"
              },
              "x:ExtendedPrice": "10.99"
            },
            {
              "@lineItemNumber": "16",
              "@lineItemId": "d5caeafcc4efa3419cac711e71",
              "x:Customer": {
                "x:Destination": {
                  "x:StreetAddress1": "610 W 17th St",
                  "x:City": "Costa Mesa",
                  "x:MainDivision": "CA",
                  "x:PostalCode": "92627-3654",
                  "x:Country": "US"
                }
              },
              "x:Product": {
                "@productClass": "199"
              },
              "x:Quantity": {
                "@unitOfMeasure": "EA",
                "#text": "1.0"
              },
              "x:ExtendedPrice": "24.95"
            }
          ]
        }
      }
    }
  }
}