{
  "http://schemas.xmlsoap.org/soap/envelope/:Envelope": {
    "http://schemas.xmlsoap.org/soap/envelope/:Body": {
      "x:VertexEnvelope": {
        "x:Login": {
          "x:TrustedId": "6934933511077584"
        },
        "x:QuotationRequest": {
          "@returnAssistedParametersIndicator": "true",
          "@deliveryTerm": "SUP",
          "@documentDate": "2021-02-09",
          "@transactionType": "SALE",
          "@xmlns": {
            "SOAP-ENV": "http://schemas.xmlsoap.org/soap/envelope/",
            "ns1": "urn:vertexinc:o-series:tps:7:0"
          },
          "x:Currency": {
            "@isoCurrencyCodeAlpha": "USD"
          },
          "x:Seller": {
            "x:Company": "BP01",
            "x:PhysicalOrigin": {
              "x:StreetAddress1": "10855 S River Front Pkwy Ste 300",
              "x:City": "South Jordan",
              "x:MainDivision": "UT",
              "x:PostalCode": "84095",
              "x:Country": "USA"
            }
          },
          "x:Customer": {
            "x:CustomerCode": {
              "@classCode": "Retail Customer",
              "#text": "General"
            },
            "x:Destination": {
              "x:StreetAddress1": "3516 JERICHO DR",
              "x:City": "CASSELBERRY",
              "x:MainDivision": "FL",
              "x:PostalCode": "32707-6021",
              "x:Country": "USA"
            }
          },
          "x:LineItem": [
            {
              "@lineItemId": "sequence-1",
              "x:Product": {
                "@productClass": "Taxable Goods",
                "#text": "2006747"
              },
              "x:Quantity": "1",
              "x:UnitPrice": "10.19",
              "x:ExtendedPrice": "9.17"
            },
            {
              "@lineItemId": "shipping",
              "x:Product": {
                "@productClass": "Shipping",
                "#text": "amstrates_amstrates1"
              },
              "x:Quantity": "1",
              "x:UnitPrice": "8",
              "x:ExtendedPrice": "8"
            }
          ]
        }
      }
    }
  }
}