{
  "http://schemas.xmlsoap.org/soap/envelope/:Envelope": {
    "http://schemas.xmlsoap.org/soap/envelope/:Header": null,
    "http://schemas.xmlsoap.org/soap/envelope/:Body": {
      "x:VertexEnvelope": {
        "x:Login": {
          "x:TrustedId": "8652063437147281"
        },
        "x:QuotationRequest": {
          "@transactionType": "SALE",
          "@xmlns": {
            "SOAP-ENV": "http://schemas.xmlsoap.org/soap/envelope/",
            "ns2": "urn:vertexinc:o-series:tps:7:0"
          },
          "x:Seller": {
            "x:Company": "SOLUTRAN"
          },
          "x:LineItem": {
            "@lineItemNumber": "1",
            "x:Customer": {
              "x:Destination": {
                "x:StreetAddress1": "172 AZALEA DR",
                "x:City": "MOUNT AIRY",
                "x:MainDivision": "NC",
                "x:PostalCode": "27030",
                "x:Country": "UNITED STATES"
              }
            },
            "x:Product": "1097466",
            "x:Quantity": "1.0",
            "x:UnitPrice": "26.22"
          }
        }
      }
    }
  }
}