{
  "http://schemas.xmlsoap.org/soap/envelope/:Envelope": {
    "http://schemas.xmlsoap.org/soap/envelope/:Header": null,
    "http://schemas.xmlsoap.org/soap/envelope/:Body": {
      "x:VertexEnvelope": {
        "x:Login": {
          "x:TrustedId": "0179501699931581"
        },
        "x:InvoiceRequest": {
          "@billingType": "INVOICE",
          "@documentDate": "2021-02-09-05:00",
          "@documentNumber": "3513060",
          "@documentType": "Distributed Order Or",
          "@postingDate": "2021-02-09-05:00",
          "@transactionId": "4233371#AR",
          "@transactionType": "SALE",
          "@xmlns": {
            "SOAP-ENV": "http://schemas.xmlsoap.org/soap/envelope/",
            "ns2": "urn:vertexinc:o-series:tps:7:0",
            "ns3": "urn:vertexinc:o-series:tps:9:0"
          },
          "x:Currency": {
            "@isoCurrencyCodeAlpha": "USD"
          },
          "x:OriginalCurrency": {
            "@isoCurrencyCodeAlpha": "USD"
          },
          "x:Seller": {
            "x:Company": "52-1237423",
            "x:Division": "52-1237423",
            "x:Department": "52-1237423"
          },
          "x:Customer": {
            "x:CustomerCode": "83370"
          },
          "x:LineItem": [
            {
              "@generalLedgerAccount": "001-000-0000-0000-410101-000000-000-0000",
              "@lineItemId": "199030207",
              "@lineItemNumber": "5",
              "@taxDate": "2021-02-09-05:00",
              "@taxIncludedIndicator": "false",
              "x:Seller": {
                "x:Company": "52-1237423",
                "x:Division": "52-1237423",
                "x:Department": "52-1237423",
                "x:PhysicalOrigin": {
                  "x:StreetAddress1": "601 Sunrise Avenue",
                  "x:City": "Ridgely",
                  "x:MainDivision": "MD",
                  "x:PostalCode": "21660",
                  "x:Country": "US"
                },
                "x:AdministrativeOrigin": {
                  "x:StreetAddress1": "100 International Drive",
                  "x:City": "Baltimore",
                  "x:MainDivision": "MD",
                  "x:PostalCode": "21202",
                  "x:Country": "US"
                }
              },
              "x:Customer": {
                "x:CustomerCode": "83370",
                "x:Destination": {
                  "x:StreetAddress1": "729 Sturbridge Ct",
                  "x:City": "Purcellville",
                  "x:MainDivision": "VA",
                  "x:PostalCode": "20132-7204",
                  "x:Country": "US"
                },
                "x:AdministrativeDestination": {
                  "x:StreetAddress1": "729 Sturbridge Ct",
                  "x:City": "Purcellville",
                  "x:MainDivision": "VA",
                  "x:PostalCode": "20132-7204",
                  "x:Country": "US"
                }
              },
              "x:Product": "78025",
              "x:Quantity": "2.000000",
              "x:UnitPrice": "21.450000",
              "x:ExtendedPrice": "42.900000",
              "x:ReturnsFields": {
                "x:ReturnsCodeField": [
                  {
                    "@name": "XX_DTID",
                    "#text": "4"
                  },
                  {
                    "@name": "XX_BUID",
                    "#text": "300000005652005"
                  },
                  {
                    "@name": "XX_FIID",
                    "#text": "87"
                  },
                  {
                    "@name": "XX_TID",
                    "#text": "4022881"
                  }
                ]
              }
            },
            {
              "@generalLedgerAccount": "001-000-0000-0000-410101-000000-000-0000",
              "@lineItemId": "199030110",
              "@lineItemNumber": "1",
              "@taxDate": "2021-02-09-05:00",
              "@taxIncludedIndicator": "false",
              "x:Seller": {
                "x:Company": "52-1237423",
                "x:Division": "52-1237423",
                "x:Department": "52-1237423",
                "x:PhysicalOrigin": {
                  "x:StreetAddress1": "601 Sunrise Avenue",
                  "x:City": "Ridgely",
                  "x:MainDivision": "MD",
                  "x:PostalCode": "21660",
                  "x:Country": "US"
                },
                "x:AdministrativeOrigin": {
                  "x:StreetAddress1": "100 International Drive",
                  "x:City": "Baltimore",
                  "x:MainDivision": "MD",
                  "x:PostalCode": "21202",
                  "x:Country": "US"
                }
              },
              "x:Customer": {
                "x:CustomerCode": "83370",
                "x:Destination": {
                  "x:StreetAddress1": "729 Sturbridge Ct",
                  "x:City": "Purcellville",
                  "x:MainDivision": "VA",
                  "x:PostalCode": "20132-7204",
                  "x:Country": "US"
                },
                "x:AdministrativeDestination": {
                  "x:StreetAddress1": "729 Sturbridge Ct",
                  "x:City": "Purcellville",
                  "x:MainDivision": "VA",
                  "x:PostalCode": "20132-7204",
                  "x:Country": "US"
                }
              },
              "x:Product": "77815",
              "x:Quantity": "1.000000",
              "x:UnitPrice": "21.450000",
              "x:ExtendedPrice": "21.450000",
              "x:ReturnsFields": {
                "x:ReturnsCodeField": [
                  {
                    "@name": "XX_DTID",
                    "#text": "4"
                  },
                  {
                    "@name": "XX_BUID",
                    "#text": "300000005652005"
                  },
                  {
                    "@name": "XX_FIID",
                    "#text": "87"
                  },
                  {
                    "@name": "XX_TID",
                    "#text": "4022881"
                  }
                ]
              }
            },
            {
              "@generalLedgerAccount": "001-000-0000-0000-410101-000000-000-0000",
              "@lineItemId": "199030187",
              "@lineItemNumber": "3",
              "@taxDate": "2021-02-09-05:00",
              "@taxIncludedIndicator": "false",
              "x:Seller": {
                "x:Company": "52-1237423",
                "x:Division": "52-1237423",
                "x:Department": "52-1237423",
                "x:PhysicalOrigin": {
                  "x:StreetAddress1": "601 Sunrise Avenue",
                  "x:City": "Ridgely",
                  "x:MainDivision": "MD",
                  "x:PostalCode": "21660",
                  "x:Country": "US"
                },
                "x:AdministrativeOrigin": {
                  "x:StreetAddress1": "100 International Drive",
                  "x:City": "Baltimore",
                  "x:MainDivision": "MD",
                  "x:PostalCode": "21202",
                  "x:Country": "US"
                }
              },
              "x:Customer": {
                "x:CustomerCode": "83370",
                "x:Destination": {
                  "x:StreetAddress1": "729 Sturbridge Ct",
                  "x:City": "Purcellville",
                  "x:MainDivision": "VA",
                  "x:PostalCode": "20132-7204",
                  "x:Country": "US"
                },
                "x:AdministrativeDestination": {
                  "x:StreetAddress1": "729 Sturbridge Ct",
                  "x:City": "Purcellville",
                  "x:MainDivision": "VA",
                  "x:PostalCode": "20132-7204",
                  "x:Country": "US"
                }
              },
              "x:Product": "77930",
              "x:Quantity": "2.000000",
              "x:UnitPrice": "21.450000",
              "x:ExtendedPrice": "42.900000",
              "x:ReturnsFields": {
                "x:ReturnsCodeField": [
                  {
                    "@name": "XX_DTID",
                    "#text": "4"
                  },
                  {
                    "@name": "XX_BUID",
                    "#text": "300000005652005"
                  },
                  {
                    "@name": "XX_FIID",
                    "#text": "87"
                  },
                  {
                    "@name": "XX_TID",
                    "#text": "4022881"
                  }
                ]
              }
            },
            {
              "@generalLedgerAccount": "001-000-0000-0000-410101-000000-000-0000",
              "@lineItemId": "199041808",
              "@lineItemNumber": "6",
              "@taxDate": "2021-02-09-05:00",
              "@taxIncludedIndicator": "false",
              "x:Seller": {
                "x:Company": "52-1237423",
                "x:Division": "52-1237423",
                "x:Department": "52-1237423",
                "x:PhysicalOrigin": {
                  "x:StreetAddress1": "601 Sunrise Avenue",
                  "x:City": "Ridgely",
                  "x:MainDivision": "MD",
                  "x:PostalCode": "21660",
                  "x:Country": "US"
                },
                "x:AdministrativeOrigin": {
                  "x:StreetAddress1": "100 International Drive",
                  "x:City": "Baltimore",
                  "x:MainDivision": "MD",
                  "x:PostalCode": "21202",
                  "x:Country": "US"
                }
              },
              "x:Customer": {
                "x:CustomerCode": "83370",
                "x:Destination": {
                  "x:StreetAddress1": "729 Sturbridge Ct",
                  "x:City": "Purcellville",
                  "x:MainDivision": "VA",
                  "x:PostalCode": "20132-7204",
                  "x:Country": "US"
                },
                "x:AdministrativeDestination": {
                  "x:StreetAddress1": "729 Sturbridge Ct",
                  "x:City": "Purcellville",
                  "x:MainDivision": "VA",
                  "x:PostalCode": "20132-7204",
                  "x:Country": "US"
                }
              },
              "x:Product": "63000",
              "x:Quantity": "1.000000",
              "x:UnitPrice": "5.000000",
              "x:ExtendedPrice": "5.000000",
              "x:ReturnsFields": {
                "x:ReturnsCodeField": [
                  {
                    "@name": "XX_DTID",
                    "#text": "4"
                  },
                  {
                    "@name": "XX_BUID",
                    "#text": "300000005652005"
                  },
                  {
                    "@name": "XX_FIID",
                    "#text": "87"
                  },
                  {
                    "@name": "XX_TID",
                    "#text": "4022881"
                  }
                ]
              }
            },
            {
              "@generalLedgerAccount": "001-000-0000-0000-410101-000000-000-0000",
              "@lineItemId": "199030196",
              "@lineItemNumber": "4",
              "@taxDate": "2021-02-09-05:00",
              "@taxIncludedIndicator": "false",
              "x:Seller": {
                "x:Company": "52-1237423",
                "x:Division": "52-1237423",
                "x:Department": "52-1237423",
                "x:PhysicalOrigin": {
                  "x:StreetAddress1": "601 Sunrise Avenue",
                  "x:City": "Ridgely",
                  "x:MainDivision": "MD",
                  "x:PostalCode": "21660",
                  "x:Country": "US"
                },
                "x:AdministrativeOrigin": {
                  "x:StreetAddress1": "100 International Drive",
                  "x:City": "Baltimore",
                  "x:MainDivision": "MD",
                  "x:PostalCode": "21202",
                  "x:Country": "US"
                }
              },
              "x:Customer": {
                "x:CustomerCode": "83370",
                "x:Destination": {
                  "x:StreetAddress1": "729 Sturbridge Ct",
                  "x:City": "Purcellville",
                  "x:MainDivision": "VA",
                  "x:PostalCode": "20132-7204",
                  "x:Country": "US"
                },
                "x:AdministrativeDestination": {
                  "x:StreetAddress1": "729 Sturbridge Ct",
                  "x:City": "Purcellville",
                  "x:MainDivision": "VA",
                  "x:PostalCode": "20132-7204",
                  "x:Country": "US"
                }
              },
              "x:Product": "77795",
              "x:Quantity": "1.000000",
              "x:UnitPrice": "21.450000",
              "x:ExtendedPrice": "21.450000",
              "x:ReturnsFields": {
                "x:ReturnsCodeField": [
                  {
                    "@name": "XX_DTID",
                    "#text": "4"
                  },
                  {
                    "@name": "XX_BUID",
                    "#text": "300000005652005"
                  },
                  {
                    "@name": "XX_FIID",
                    "#text": "87"
                  },
                  {
                    "@name": "XX_TID",
                    "#text": "4022881"
                  }
                ]
              }
            },
            {
              "@generalLedgerAccount": "001-000-0000-0000-410101-000000-000-0000",
              "@lineItemId": "199030181",
              "@lineItemNumber": "2",
              "@taxDate": "2021-02-09-05:00",
              "@taxIncludedIndicator": "false",
              "x:Seller": {
                "x:Company": "52-1237423",
                "x:Division": "52-1237423",
                "x:Department": "52-1237423",
                "x:PhysicalOrigin": {
                  "x:StreetAddress1": "601 Sunrise Avenue",
                  "x:City": "Ridgely",
                  "x:MainDivision": "MD",
                  "x:PostalCode": "21660",
                  "x:Country": "US"
                },
                "x:AdministrativeOrigin": {
                  "x:StreetAddress1": "100 International Drive",
                  "x:City": "Baltimore",
                  "x:MainDivision": "MD",
                  "x:PostalCode": "21202",
                  "x:Country": "US"
                }
              },
              "x:Customer": {
                "x:CustomerCode": "83370",
                "x:Destination": {
                  "x:StreetAddress1": "729 Sturbridge Ct",
                  "x:City": "Purcellville",
                  "x:MainDivision": "VA",
                  "x:PostalCode": "20132-7204",
                  "x:Country": "US"
                },
                "x:AdministrativeDestination": {
                  "x:StreetAddress1": "729 Sturbridge Ct",
                  "x:City": "Purcellville",
                  "x:MainDivision": "VA",
                  "x:PostalCode": "20132-7204",
                  "x:Country": "US"
                }
              },
              "x:Product": "78075",
              "x:Quantity": "1.000000",
              "x:UnitPrice": "21.450000",
              "x:ExtendedPrice": "21.450000",
              "x:ReturnsFields": {
                "x:ReturnsCodeField": [
                  {
                    "@name": "XX_DTID",
                    "#text": "4"
                  },
                  {
                    "@name": "XX_BUID",
                    "#text": "300000005652005"
                  },
                  {
                    "@name": "XX_FIID",
                    "#text": "87"
                  },
                  {
                    "@name": "XX_TID",
                    "#text": "4022881"
                  }
                ]
              }
            }
          ]
        }
      }
    }
  }
}