{
  "http://schemas.xmlsoap.org/soap/envelope/:Envelope": {
    "http://schemas.xmlsoap.org/soap/envelope/:Body": {
      "x:VertexEnvelope": {
        "x:Login": {
          "x:TrustedId": "8048136477967570"
        },
        "x:QuotationRequest": {
          "@transactionType": "SALE",
          "@documentDate": "2021-02-09",
          "@xmlns": {
            "s": "http://schemas.xmlsoap.org/soap/envelope/",
            "xsi": "http://www.w3.org/2001/XMLSchema-instance",
            "xsd": "http://www.w3.org/2001/XMLSchema",
            "": "urn:vertexinc:o-series:tps:7:0"
          },
          "x:Seller": {
            "x:Company": "SACI"
          },
          "x:Customer": {
            "x:CustomerCode": null,
            "x:Destination": {
              "x:StreetAddress1": "6451 Whitewater Ln",
              "x:StreetAddress2": null,
              "x:City": "Lincoln",
              "x:MainDivision": "NE",
              "x:PostalCode": "68521",
              "x:Country": "US"
            }
          },
          "x:LineItem": {
            "@lineItemId": "100051933882",
            "@lineItemNumber": "0",
            "x:Product": {
              "@productClass": "APPAREL",
              "#text": "WC-327----SLEMED"
            },
            "x:Quantity": "1",
            "x:Freight": "7.00",
            "x:ExtendedPrice": "25.01",
            "x:Discount": {
              "x:DiscountAmount": "1.32"
            }
          }
        }
      }
    }
  }
}