{
  "http://schemas.xmlsoap.org/soap/envelope/:Envelope": {
    "http://schemas.xmlsoap.org/soap/envelope/:Header": null,
    "http://schemas.xmlsoap.org/soap/envelope/:Body": {
      "urn:vertexinc:o-series:tps:6:0:VertexEnvelope": {
        "Login": {
          "TrustedId": "2887267389996541"
        },
        "InvoiceRequest": {
          "@documentNumber": "PNDCA01209094",
          "@documentDate": "2021-02-08T22:30:09+00:00",
          "@postingDate": "2021-02-09",
          "@transactionType": "SALE",
          "@xmlns": {
            "SOAP-ENV": "http://schemas.xmlsoap.org/soap/envelope/",
            "vtx": "urn:vertexinc:o-series:tps:6:0"
          },
          "Currency": {
            "@isoCurrencyCodeAlpha": "CAD",
            "@isoCurrencyName": "CAD"
          },
          "Seller": {
            "Company": "CAR",
            "AdministrativeOrigin": {
              "StreetAddress1": "5535 Eglinton Ave W #234",
              "City": "Etobicoke",
              "MainDivision": "ON",
              "PostalCode": "M9C 5K5",
              "Country": "CA"
            }
          },
          "Customer": {
            "CustomerCode": "ec17f910-fe6e-4621-b598-bada2309fe03",
            "Destination": {
              "StreetAddress1": "55 Golden Eagle Way",
              "StreetAddress2": null,
              "City": "Barrie",
              "MainDivision": "ON",
              "PostalCode": "L4M 6P8",
              "Country": "CA"
            }
          },
          "LineItem": [
            {
              "@lineItemId": "SHIPPING202102082232491196320920",
              "@lineItemNumber": "0",
              "Product": {
                "@productClass": "SHIP"
              },
              "ExtendedPrice": "9.95",
              "Seller": {
                "PhysicalOrigin": {
                  "StreetAddress1": "5535 Eglinton Ave W #234",
                  "StreetAddress2": null,
                  "City": "Etobicoke",
                  "MainDivision": "ON",
                  "PostalCode": "M9C 5K5",
                  "Country": "CA"
                }
              }
            },
            {
              "@lineItemId": "202102082232491196320922",
              "@lineItemNumber": "1",
              "Product": {
                "@productClass": "",
                "#text": "788772C01"
              },
              "Quantity": {
                "@unitOfMeasure": "EA",
                "#text": "1.00"
              },
              "ExtendedPrice": "60.0",
              "Customer": {
                "Destination": {
                  "StreetAddress1": "55 Golden Eagle Way",
                  "StreetAddress2": null,
                  "City": "Barrie",
                  "MainDivision": "ON",
                  "PostalCode": "L4M 6P8",
                  "Country": "CA"
                }
              },
              "Seller": {
                "PhysicalOrigin": {
                  "StreetAddress1": "5535 Eglinton Ave W #234",
                  "StreetAddress2": null,
                  "City": "Etobicoke",
                  "MainDivision": "ON",
                  "PostalCode": "M9C 5K5",
                  "Country": "CA"
                }
              }
            }
          ]
        },
        "ApplicationData": {
          "Sender": "OMS"
        }
      }
    }
  }
}