{
  "http://schemas.xmlsoap.org/soap/envelope/:Envelope": {
    "http://schemas.xmlsoap.org/soap/envelope/:Header": null,
    "http://schemas.xmlsoap.org/soap/envelope/:Body": {
      "x:VertexEnvelope": {
        "x:Login": {
          "x:TrustedId": "1235769293676012"
        },
        "x:QuotationRequest": {
          "@documentDate": "2021-02-09",
          "@documentNumber": "DWC-QUOTE",
          "@transactionType": "SALE",
          "@xmlns": {
            "SOAP-ENV": "http://schemas.xmlsoap.org/soap/envelope/",
            "ns2": "urn:vertexinc:o-series:tps:7:0"
          },
          "x:Currency": {
            "@isoCurrencyCodeAlpha": "USD"
          },
          "x:Seller": {
            "x:Company": "1000",
            "x:PhysicalOrigin": {
              "x:StreetAddress1": "19601 N. 27th Ave",
              "x:City": "Phoenix",
              "x:MainDivision": "AZ",
              "x:PostalCode": "85027",
              "x:Country": "US"
            },
            "x:AdministrativeOrigin": {
              "x:StreetAddress1": "19601 N. 27th Ave",
              "x:City": "Phoenix",
              "x:MainDivision": "AZ",
              "x:PostalCode": "85027",
              "x:Country": "US"
            }
          },
          "x:LineItem": [
            {
              "@lineItemId": "260c5a9eb00f5151dd83e1239a",
              "@lineItemNumber": "1",
              "@taxIncludedIndicator": "false",
              "x:Customer": {
                "x:CustomerCode": "94b5db62-7d50-431f-a13b-4a3d7f62b0d3",
                "x:Destination": {
                  "x:StreetAddress1": "5425 Kendal St",
                  "x:City": "Dearborn",
                  "x:MainDivision": "MI",
                  "x:PostalCode": "48126-3413",
                  "x:Country": "US"
                }
              },
              "x:Product": {
                "@productClass": "P0000000",
                "#text": "5277011"
              },
              "x:Quantity": {
                "@unitOfMeasure": "EA",
                "#text": "1.0"
              },
              "x:ExtendedPrice": "12.49",
              "x:FlexibleFields": {
                "x:FlexibleCodeField": {
                  "@fieldId": "8",
                  "#text": "ALT SA GLASS WATER BOTTLE 12OZ        23"
                }
              }
            },
            {
              "@lineItemId": "510411671f1b816a67a77017bd",
              "@lineItemNumber": "2",
              "@taxIncludedIndicator": "false",
              "x:Customer": {
                "x:CustomerCode": "94b5db62-7d50-431f-a13b-4a3d7f62b0d3",
                "x:Destination": {
                  "x:StreetAddress1": "5425 Kendal St",
                  "x:City": "Dearborn",
                  "x:MainDivision": "MI",
                  "x:PostalCode": "48126-3413",
                  "x:Country": "US"
                }
              },
              "x:Product": {
                "@productClass": "RABFOOD",
                "#text": "5200400"
              },
              "x:Quantity": {
                "@unitOfMeasure": "EA",
                "#text": "2.0"
              },
              "x:ExtendedPrice": "14.98",
              "x:FlexibleFields": {
                "x:FlexibleCodeField": {
                  "@fieldId": "8",
                  "#text": "R TIM COMPLETE RABBIT 4.5LB           23"
                }
              }
            },
            {
              "@lineItemId": "fa76655dbb8cb043629f242300",
              "@lineItemNumber": "3",
              "@taxIncludedIndicator": "false",
              "x:Customer": {
                "x:CustomerCode": "94b5db62-7d50-431f-a13b-4a3d7f62b0d3",
                "x:Destination": {
                  "x:StreetAddress1": "5425 Kendal St",
                  "x:City": "Dearborn",
                  "x:MainDivision": "MI",
                  "x:PostalCode": "48126-3413",
                  "x:Country": "US"
                }
              },
              "x:Product": {
                "@productClass": "PP051195",
                "#text": "1031529"
              },
              "x:Quantity": {
                "@unitOfMeasure": "EA",
                "#text": "1.0"
              },
              "x:ExtendedPrice": "3.59",
              "x:FlexibleFields": {
                "x:FlexibleCodeField": {
                  "@fieldId": "8",
                  "#text": "TETRA TETRACOLOR TROP FLAKE FOOD 2.2  23"
                }
              }
            },
            {
              "@lineItemId": "aefbc5774c1c9f0621b28a0c0e",
              "@lineItemNumber": "4",
              "@taxIncludedIndicator": "false",
              "x:Customer": {
                "x:CustomerCode": "94b5db62-7d50-431f-a13b-4a3d7f62b0d3",
                "x:Destination": {
                  "x:StreetAddress1": "5425 Kendal St",
                  "x:City": "Dearborn",
                  "x:MainDivision": "MI",
                  "x:PostalCode": "48126-3413",
                  "x:Country": "US"
                }
              },
              "x:Product": {
                "@productClass": "PP051195",
                "#text": "5071462"
              },
              "x:Quantity": {
                "@unitOfMeasure": "EA",
                "#text": "1.0"
              },
              "x:ExtendedPrice": "2.97",
              "x:FlexibleFields": {
                "x:FlexibleCodeField": {
                  "@fieldId": "8",
                  "#text": "FIESTA HEALTHY TOPPINGS PAPAYA 2.5OZ  23"
                }
              }
            },
            {
              "@lineItemId": "2dd8b6209aef44b05255ae798f",
              "@lineItemNumber": "5",
              "@taxIncludedIndicator": "false",
              "x:Customer": {
                "x:CustomerCode": "94b5db62-7d50-431f-a13b-4a3d7f62b0d3",
                "x:Destination": {
                  "x:StreetAddress1": "5425 Kendal St",
                  "x:City": "Dearborn",
                  "x:MainDivision": "MI",
                  "x:PostalCode": "48126-3413",
                  "x:Country": "US"
                }
              },
              "x:Product": {
                "@productClass": "P0000000",
                "#text": "5223241"
              },
              "x:Quantity": {
                "@unitOfMeasure": "EA",
                "#text": "1.0"
              },
              "x:ExtendedPrice": "10.99",
              "x:FlexibleFields": {
                "x:FlexibleCodeField": {
                  "@fieldId": "8",
                  "#text": "COMPLETE SPRINKLES 23L                25"
                }
              }
            },
            {
              "@lineItemId": "2c926b803d5ae4c9b7066be065",
              "@lineItemNumber": "6",
              "@taxIncludedIndicator": "false",
              "x:Customer": {
                "x:CustomerCode": "94b5db62-7d50-431f-a13b-4a3d7f62b0d3",
                "x:Destination": {
                  "x:StreetAddress1": "5425 Kendal St",
                  "x:City": "Dearborn",
                  "x:MainDivision": "MI",
                  "x:PostalCode": "48126-3413",
                  "x:Country": "US"
                }
              },
              "x:Product": {
                "@productClass": "FR020100",
                "#text": "STANDARD_SHIPPING"
              },
              "x:Quantity": {
                "@unitOfMeasure": "EA",
                "#text": "1.0"
              },
              "x:ExtendedPrice": "0.0",
              "x:FlexibleFields": {
                "x:FlexibleCodeField": {
                  "@fieldId": "8",
                  "#text": "Shipping"
                }
              }
            }
          ]
        }
      }
    }
  }
}