{
  "http://schemas.xmlsoap.org/soap/envelope/:Envelope": {
    "http://schemas.xmlsoap.org/soap/envelope/:Body": {
      "x:VertexEnvelope": {
        "x:Login": {
          "x:TrustedId": "8466911215424436"
        },
        "x:TaxAreaRequest": {
          "x:TaxAreaLookup": {
            "x:PostalAddress": {
              "x:City": "Murrieta",
              "x:MainDivision": "CA",
              "x:SubDivision": "RIVERSIDE",
              "x:PostalCode": "92563",
              "x:Country": "USA"
            }
          }
        }
      }
    }
  }
}