{
  "http://schemas.xmlsoap.org/soap/envelope/:Envelope": {
    "http://schemas.xmlsoap.org/soap/envelope/:Header": null,
    "http://schemas.xmlsoap.org/soap/envelope/:Body": {
      "x:VertexEnvelope": {
        "x:Login": {
          "x:TrustedId": "1235769293676012"
        },
        "x:QuotationRequest": {
          "@documentDate": "2021-02-09",
          "@documentNumber": "DWC-QUOTE",
          "@transactionType": "SALE",
          "@xmlns": {
            "SOAP-ENV": "http://schemas.xmlsoap.org/soap/envelope/",
            "ns2": "urn:vertexinc:o-series:tps:7:0"
          },
          "x:Currency": {
            "@isoCurrencyCodeAlpha": "CAD"
          },
          "x:Seller": {
            "x:Company": "2000",
            "x:PhysicalOrigin": {
              "x:StreetAddress1": "1750 Innes Rd",
              "x:City": "Gloucester",
              "x:MainDivision": "ON",
              "x:PostalCode": "K1B 3K5",
              "x:Country": "CA"
            },
            "x:AdministrativeOrigin": {
              "x:StreetAddress1": "1750 Innes Rd",
              "x:City": "Gloucester",
              "x:MainDivision": "ON",
              "x:PostalCode": "K1B 3K5",
              "x:Country": "CA"
            }
          },
          "x:LineItem": [
            {
              "@lineItemId": "a3afc2eeb67eac06c2f5f817c5",
              "@lineItemNumber": "1",
              "@taxIncludedIndicator": "false",
              "x:Customer": {
                "x:CustomerCode": "e19e32f2-3484-42ea-a0d5-a5e94af3a639",
                "x:Destination": {
                  "x:StreetAddress1": "801-740 Wonderland Rd S",
                  "x:City": "LONDON",
                  "x:MainDivision": "ON",
                  "x:PostalCode": "N6K 1L9",
                  "x:Country": "CA"
                }
              },
              "x:Product": {
                "@productClass": "PP051195",
                "#text": "5301174"
              },
              "x:Quantity": {
                "@unitOfMeasure": "EA",
                "#text": "1.0"
              },
              "x:ExtendedPrice": "22.99",
              "x:FlexibleFields": {
                "x:FlexibleCodeField": {
                  "@fieldId": "8",
                  "#text": "FRISKIES PATE MIXED VP (8+8+8+8)156   22"
                }
              }
            },
            {
              "@lineItemId": "f709b53e8e82bd5e8b742d36c8",
              "@lineItemNumber": "2",
              "@taxIncludedIndicator": "false",
              "x:Customer": {
                "x:CustomerCode": "e19e32f2-3484-42ea-a0d5-a5e94af3a639",
                "x:Destination": {
                  "x:StreetAddress1": "801-740 Wonderland Rd S",
                  "x:City": "LONDON",
                  "x:MainDivision": "ON",
                  "x:PostalCode": "N6K 1L9",
                  "x:Country": "CA"
                }
              },
              "x:Product": {
                "@productClass": "P0000000",
                "#text": "5277993"
              },
              "x:Quantity": {
                "@unitOfMeasure": "EA",
                "#text": "1.0"
              },
              "x:ExtendedPrice": "1.47",
              "x:FlexibleFields": {
                "x:FlexibleCodeField": {
                  "@fieldId": "8",
                  "#text": "*WC DS PLASTIC CAT FACE CAN LID       91"
                }
              }
            },
            {
              "@lineItemId": "c2562814023384a69bb581f010",
              "@lineItemNumber": "3",
              "@taxIncludedIndicator": "false",
              "x:Customer": {
                "x:CustomerCode": "e19e32f2-3484-42ea-a0d5-a5e94af3a639",
                "x:Destination": {
                  "x:StreetAddress1": "801-740 Wonderland Rd S",
                  "x:City": "LONDON",
                  "x:MainDivision": "ON",
                  "x:PostalCode": "N6K 1L9",
                  "x:Country": "CA"
                }
              },
              "x:Product": {
                "@productClass": "P0000000",
                "#text": "5298393"
              },
              "x:Quantity": {
                "@unitOfMeasure": "EA",
                "#text": "1.0"
              },
              "x:ExtendedPrice": "36.99",
              "x:FlexibleFields": {
                "x:FlexibleCodeField": {
                  "@fieldId": "8",
                  "#text": "TRU SOLUTIONS SKIN CARE CAT 6-LB      22"
                }
              }
            },
            {
              "@lineItemId": "6bced5efab1eaaf8e553cca779",
              "@lineItemNumber": "4",
              "@taxIncludedIndicator": "false",
              "x:Customer": {
                "x:CustomerCode": "e19e32f2-3484-42ea-a0d5-a5e94af3a639",
                "x:Destination": {
                  "x:StreetAddress1": "801-740 Wonderland Rd S",
                  "x:City": "LONDON",
                  "x:MainDivision": "ON",
                  "x:PostalCode": "N6K 1L9",
                  "x:Country": "CA"
                }
              },
              "x:Product": {
                "@productClass": "FR020100",
                "#text": "STANDARD_SHIPPING"
              },
              "x:Quantity": {
                "@unitOfMeasure": "EA",
                "#text": "1.0"
              },
              "x:ExtendedPrice": "0.0",
              "x:FlexibleFields": {
                "x:FlexibleCodeField": {
                  "@fieldId": "8",
                  "#text": "Shipping"
                }
              }
            }
          ]
        }
      }
    }
  }
}