{
  "http://schemas.xmlsoap.org/soap/envelope/:Envelope": {
    "http://schemas.xmlsoap.org/soap/envelope/:Header": null,
    "http://schemas.xmlsoap.org/soap/envelope/:Body": {
      "x:VertexEnvelope": {
        "x:Login": {
          "x:TrustedId": "3571150848847367"
        },
        "x:QuotationRequest": {
          "@transactionType": "SALE",
          "@xmlns": {
            "SOAP-ENV": "http://schemas.xmlsoap.org/soap/envelope/",
            "ns2": "urn:vertexinc:o-series:tps:7:0"
          },
          "x:Currency": {
            "@isoCurrencyCodeAlpha": "USD",
            "@isoCurrencyCodeNum": "840"
          },
          "x:Seller": {
            "x:Company": "msqcProd"
          },
          "x:Customer": {
            "x:Destination": {
              "x:StreetAddress1": "18509 470TH AVE",
              "x:City": "CLEAR LAKE",
              "x:MainDivision": "SD",
              "x:PostalCode": "57226"
            }
          },
          "x:LineItem": [
            {
              "@vendorSKU": "FQB3460",
              "x:Quantity": {
                "@unitOfMeasure": "EA",
                "#text": "1.0"
              },
              "x:UnitPrice": "29.95",
              "x:ExtendedPrice": "29.95"
            },
            {
              "@vendorSKU": "FQB3461",
              "x:Quantity": {
                "@unitOfMeasure": "EA",
                "#text": "1.0"
              },
              "x:UnitPrice": "22.95",
              "x:ExtendedPrice": "22.95"
            },
            {
              "@vendorSKU": "FQB3461",
              "x:Quantity": {
                "@unitOfMeasure": "EA",
                "#text": "1.0"
              },
              "x:UnitPrice": "22.95",
              "x:ExtendedPrice": "22.95"
            }
          ]
        }
      }
    }
  }
}