{
  "http://schemas.xmlsoap.org/soap/envelope/:Envelope": {
    "http://schemas.xmlsoap.org/soap/envelope/:Body": {
      "x:VertexEnvelope": {
        "x:Login": {
          "x:TrustedId": "4918181244406752"
        },
        "x:QuotationRequest": {
          "@documentNumber": "PENDING_ORDER_3201776",
          "@documentDate": "2021-02-09Z",
          "@transactionType": "SALE",
          "@xmlns": {
            "S": "http://schemas.xmlsoap.org/soap/envelope/",
            "": "urn:vertexinc:o-series:tps:7:0"
          },
          "x:Seller": {
            "x:Company": "001",
            "x:PhysicalOrigin": {
              "x:City": "Morgan Hill",
              "x:MainDivision": "CA",
              "x:PostalCode": "950372868",
              "x:Country": "USA"
            }
          },
          "x:Customer": {
            "x:CustomerCode": "3201776",
            "x:Destination": {
              "x:StreetAddress1": "915 Melaleuca Ave Apt I",
              "x:City": "Carlsbad",
              "x:MainDivision": "CA",
              "x:PostalCode": "920113830",
              "x:Country": "USA"
            }
          },
          "x:LineItem": [
            {
              "@lineItemNumber": "1",
              "x:Product": {
                "@productClass": "Groceries"
              },
              "x:Quantity": {
                "@unitOfMeasure": "EA",
                "#text": "1"
              },
              "x:UnitPrice": "116.86",
              "x:ExtendedPrice": "116.86"
            },
            {
              "@lineItemNumber": "2",
              "x:Product": {
                "@productClass": "FreshAndReady"
              },
              "x:Quantity": {
                "@unitOfMeasure": "EA",
                "#text": "1"
              },
              "x:UnitPrice": "17.98",
              "x:ExtendedPrice": "17.98"
            },
            {
              "@lineItemNumber": "3",
              "x:Product": {
                "@productClass": "Freight"
              },
              "x:Quantity": {
                "@unitOfMeasure": "EA",
                "#text": "1"
              },
              "x:UnitPrice": "7.99",
              "x:ExtendedPrice": "7.99"
            },
            {
              "@lineItemNumber": "4",
              "x:Product": {
                "@productClass": "ChefPrepped"
              },
              "x:Quantity": {
                "@unitOfMeasure": "EA",
                "#text": "1"
              },
              "x:UnitPrice": "21.98",
              "x:ExtendedPrice": "21.98"
            }
          ]
        }
      }
    }
  }
}