{
  "http://schemas.xmlsoap.org/soap/envelope/:Envelope": {
    "http://schemas.xmlsoap.org/soap/envelope/:Header": null,
    "http://schemas.xmlsoap.org/soap/envelope/:Body": {
      "x:VertexEnvelope": {
        "x:Login": {
          "x:TrustedId": "7252034319066788"
        },
        "x:QuotationRequest": {
          "@documentDate": "2021-02-09",
          "@documentNumber": "[To be generated]",
          "@postingDate": "2021-02-09",
          "@returnAssistedParametersIndicator": "true",
          "@transactionType": "SALE",
          "@xmlns": {
            "SOAP-ENV": "http://schemas.xmlsoap.org/soap/envelope/",
            "ns2": "urn:vertexinc:o-series:tps:7:0"
          },
          "x:Seller": {
            "x:Company": "Allivet01"
          },
          "x:LineItem": [
            {
              "@lineItemNumber": "1",
              "x:Seller": {
                "@nexusIndicator": "false",
                "x:PhysicalOrigin": {
                  "@locationCode": "MAIN",
                  "@taxAreaId": "100253204",
                  "x:StreetAddress1": "14540 NW 60th Avenue building 7H",
                  "x:City": "Miami Lakes",
                  "x:MainDivision": "FL",
                  "x:PostalCode": "33014",
                  "x:Country": "US"
                },
                "x:AdministrativeOrigin": {
                  "@locationCode": "MAIN",
                  "@taxAreaId": "100253204",
                  "x:StreetAddress1": "14540 NW 60th Avenue building 7H",
                  "x:City": "Miami Lakes",
                  "x:MainDivision": "FL",
                  "x:PostalCode": "33014",
                  "x:Country": "US"
                }
              },
              "x:Customer": {
                "@isTaxExempt": "false",
                "x:CustomerCode": "CUST-1681115",
                "x:Destination": {
                  "@taxAreaId": "500550000",
                  "x:StreetAddress1": "W229 Belleview Avenue",
                  "x:City": "Oconomowoc",
                  "x:MainDivision": "WI",
                  "x:PostalCode": "53066",
                  "x:Country": "US"
                },
                "x:AdministrativeDestination": {
                  "@taxAreaId": "500550000",
                  "x:StreetAddress1": "W229 Belleview Avenue",
                  "x:City": "Oconomowoc",
                  "x:MainDivision": "WI",
                  "x:PostalCode": "53066",
                  "x:Country": "US"
                }
              },
              "x:Product": {
                "@productClass": "VTX05-00997",
                "#text": "27088"
              },
              "x:Quantity": "1.0",
              "x:UnitPrice": "17.38",
              "x:ExtendedPrice": "17.38",
              "x:Discount": {
                "x:DiscountAmount": "1.06"
              }
            },
            {
              "@lineItemNumber": "2",
              "x:Seller": {
                "@nexusIndicator": "false",
                "x:PhysicalOrigin": {
                  "@locationCode": "MAIN",
                  "@taxAreaId": "100253204",
                  "x:StreetAddress1": "14540 NW 60th Avenue building 7H",
                  "x:City": "Miami Lakes",
                  "x:MainDivision": "FL",
                  "x:PostalCode": "33014",
                  "x:Country": "US"
                },
                "x:AdministrativeOrigin": {
                  "@locationCode": "MAIN",
                  "@taxAreaId": "100253204",
                  "x:StreetAddress1": "14540 NW 60th Avenue building 7H",
                  "x:City": "Miami Lakes",
                  "x:MainDivision": "FL",
                  "x:PostalCode": "33014",
                  "x:Country": "US"
                }
              },
              "x:Customer": {
                "@isTaxExempt": "false",
                "x:CustomerCode": "CUST-1681115",
                "x:Destination": {
                  "@taxAreaId": "500550000",
                  "x:StreetAddress1": "W229 Belleview Avenue",
                  "x:City": "Oconomowoc",
                  "x:MainDivision": "WI",
                  "x:PostalCode": "53066",
                  "x:Country": "US"
                },
                "x:AdministrativeDestination": {
                  "@taxAreaId": "500550000",
                  "x:StreetAddress1": "W229 Belleview Avenue",
                  "x:City": "Oconomowoc",
                  "x:MainDivision": "WI",
                  "x:PostalCode": "53066",
                  "x:Country": "US"
                }
              },
              "x:Product": {
                "@productClass": "VTX05-06218",
                "#text": "28906"
              },
              "x:Quantity": "1.0",
              "x:UnitPrice": "26.28",
              "x:ExtendedPrice": "26.28",
              "x:Discount": {
                "x:DiscountAmount": "1.61"
              }
            },
            {
              "@lineItemNumber": "3",
              "x:Seller": {
                "@nexusIndicator": "false",
                "x:PhysicalOrigin": {
                  "@locationCode": "MAIN",
                  "@taxAreaId": "100253204",
                  "x:StreetAddress1": "14540 NW 60th Avenue building 7H",
                  "x:City": "Miami Lakes",
                  "x:MainDivision": "FL",
                  "x:PostalCode": "33014",
                  "x:Country": "US"
                },
                "x:AdministrativeOrigin": {
                  "@locationCode": "MAIN",
                  "@taxAreaId": "100253204",
                  "x:StreetAddress1": "14540 NW 60th Avenue building 7H",
                  "x:City": "Miami Lakes",
                  "x:MainDivision": "FL",
                  "x:PostalCode": "33014",
                  "x:Country": "US"
                }
              },
              "x:Customer": {
                "@isTaxExempt": "false",
                "x:CustomerCode": "CUST-1681115",
                "x:Destination": {
                  "@taxAreaId": "500550000",
                  "x:StreetAddress1": "W229 Belleview Avenue",
                  "x:City": "Oconomowoc",
                  "x:MainDivision": "WI",
                  "x:PostalCode": "53066",
                  "x:Country": "US"
                },
                "x:AdministrativeDestination": {
                  "@taxAreaId": "500550000",
                  "x:StreetAddress1": "W229 Belleview Avenue",
                  "x:City": "Oconomowoc",
                  "x:MainDivision": "WI",
                  "x:PostalCode": "53066",
                  "x:Country": "US"
                }
              },
              "x:Product": {
                "@productClass": "VTX06-12005",
                "#text": "25167-2"
              },
              "x:Quantity": "1.0",
              "x:UnitPrice": "38.16",
              "x:ExtendedPrice": "38.16",
              "x:Discount": {
                "x:DiscountAmount": "2.33"
              }
            }
          ]
        }
      }
    }
  }
}