{
  "http://schemas.xmlsoap.org/soap/envelope/:Envelope": {
    "http://schemas.xmlsoap.org/soap/envelope/:Body": {
      "x:VertexEnvelope": {
        "x:Login": {
          "x:TrustedId": "7649555430638576"
        },
        "x:QuotationRequest": {
          "@documentNumber": "Micls",
          "@returnAssistedParametersIndicator": "true",
          "@documentDate": "2021-02-09-06:00",
          "@transactionType": "SALE",
          "@xmlns": {
            "soap": "http://schemas.xmlsoap.org/soap/envelope/",
            "": "urn:vertexinc:o-series:tps:7:0"
          },
          "x:Currency": {
            "@isoCurrencyCodeAlpha": "USD"
          },
          "x:Seller": {
            "x:Company": "1000"
          },
          "x:LineItem": [
            {
              "@lineItemNumber": "1",
              "@lineItemId": "94c39111d1dfa779c626e65537",
              "x:Customer": {
                "x:Destination": {
                  "@locationCode": "2060"
                }
              },
              "x:Product": {
                "@productClass": "8225"
              },
              "x:Quantity": {
                "@unitOfMeasure": "EA",
                "#text": "1.0"
              },
              "x:ExtendedPrice": "10.39"
            },
            {
              "@lineItemNumber": "2",
              "@lineItemId": "5127649e9bd8bc6617fa80b512",
              "x:Customer": {
                "x:Destination": {
                  "@locationCode": "2060"
                }
              },
              "x:Product": {
                "@productClass": "8092"
              },
              "x:Quantity": {
                "@unitOfMeasure": "EA",
                "#text": "2.0"
              },
              "x:ExtendedPrice": "20.78"
            },
            {
              "@lineItemNumber": "3",
              "@lineItemId": "8fb3c985523a499b9d8da65101",
              "x:Customer": {
                "x:Destination": {
                  "@locationCode": "2060"
                }
              },
              "x:Product": {
                "@productClass": "8225"
              },
              "x:Quantity": {
                "@unitOfMeasure": "EA",
                "#text": "1.0"
              },
              "x:ExtendedPrice": "10.39"
            },
            {
              "@lineItemNumber": "4",
              "@lineItemId": "53cc6370a089b4a088592dba2c",
              "x:Customer": {
                "x:Destination": {
                  "@locationCode": "2060"
                }
              },
              "x:Product": {
                "@productClass": "100"
              },
              "x:Quantity": {
                "@unitOfMeasure": "EA",
                "#text": "2.0"
              },
              "x:ExtendedPrice": "2.0"
            },
            {
              "@lineItemNumber": "5",
              "@lineItemId": "e4a353a8685769c6c9a361df48",
              "x:Customer": {
                "x:Destination": {
                  "@locationCode": "2060"
                }
              },
              "x:Product": {
                "@productClass": "100"
              },
              "x:Quantity": {
                "@unitOfMeasure": "EA",
                "#text": "1.0"
              },
              "x:ExtendedPrice": "4.79"
            },
            {
              "@lineItemNumber": "6",
              "@lineItemId": "f3e016598879a4beec04640ac9",
              "x:Customer": {
                "x:Destination": {
                  "@locationCode": "2060"
                }
              },
              "x:Product": {
                "@productClass": "100"
              },
              "x:Quantity": {
                "@unitOfMeasure": "EA",
                "#text": "1.0"
              },
              "x:ExtendedPrice": "14.39"
            },
            {
              "@lineItemNumber": "7",
              "@lineItemId": "9a74324c23dc3afe9cb0174021",
              "x:Customer": {
                "x:Destination": {
                  "@locationCode": "2060"
                }
              },
              "x:Product": {
                "@productClass": "199"
              },
              "x:Quantity": {
                "@unitOfMeasure": "EA",
                "#text": "1.0"
              },
              "x:ExtendedPrice": "0.0"
            }
          ]
        }
      }
    }
  }
}