{
  "http://schemas.xmlsoap.org/soap/envelope/:Envelope": {
    "http://schemas.xmlsoap.org/soap/envelope/:Header": null,
    "http://schemas.xmlsoap.org/soap/envelope/:Body": {
      "urn:vertexinc:o-series:tps:6:0:VertexEnvelope": {
        "Login": {
          "TrustedId": "2887267389996541"
        },
        "InvoiceRequest": {
          "@documentNumber": "PND10976149",
          "@documentDate": "2021-02-07T21:06:55+00:00",
          "@postingDate": "2021-02-09",
          "@transactionType": "SALE",
          "@xmlns": {
            "SOAP-ENV": "http://schemas.xmlsoap.org/soap/envelope/",
            "vtx": "urn:vertexinc:o-series:tps:6:0"
          },
          "Currency": {
            "@isoCurrencyCodeAlpha": "USD",
            "@isoCurrencyName": "USD"
          },
          "Seller": {
            "Company": "USE",
            "AdministrativeOrigin": {
              "StreetAddress1": "250 W Pratt St",
              "City": "Baltimore",
              "MainDivision": "MD",
              "PostalCode": "21201",
              "Country": "US"
            }
          },
          "Customer": {
            "CustomerCode": "7214a761-3a4b-4a55-a170-4dff2989fd99",
            "Destination": {
              "StreetAddress1": "17657 SW 20th St",
              "StreetAddress2": null,
              "City": "Miramar",
              "MainDivision": "FL",
              "PostalCode": "33029",
              "Country": "US"
            }
          },
          "LineItem": [
            {
              "@lineItemId": "SHIPPING202102072113031193508002",
              "@lineItemNumber": "0",
              "Product": {
                "@productClass": "SHIP"
              },
              "ExtendedPrice": "0.0",
              "Seller": {
                "PhysicalOrigin": {
                  "StreetAddress1": "9250 N Royal Lane",
                  "StreetAddress2": null,
                  "City": "Irving",
                  "MainDivision": "TX",
                  "PostalCode": "75063",
                  "Country": "US"
                }
              }
            },
            {
              "@lineItemId": "202102072113031193508005",
              "@lineItemNumber": "1",
              "Product": {
                "@productClass": "",
                "#text": "568666C00-18"
              },
              "Quantity": {
                "@unitOfMeasure": "EA",
                "#text": "1.00"
              },
              "ExtendedPrice": "200.0",
              "Customer": {
                "Destination": {
                  "StreetAddress1": "17657 SW 20th St",
                  "StreetAddress2": null,
                  "City": "Miramar",
                  "MainDivision": "FL",
                  "PostalCode": "33029",
                  "Country": "US"
                }
              },
              "Seller": {
                "PhysicalOrigin": {
                  "StreetAddress1": "9250 N Royal Lane",
                  "StreetAddress2": null,
                  "City": "Irving",
                  "MainDivision": "TX",
                  "PostalCode": "75063",
                  "Country": "US"
                }
              }
            }
          ]
        },
        "ApplicationData": {
          "Sender": "OMS"
        }
      }
    }
  }
}