{
  "http://schemas.xmlsoap.org/soap/envelope/:Envelope": {
    "http://schemas.xmlsoap.org/soap/envelope/:Body": {
      "x:VertexEnvelope": {
        "x:Login": {
          "x:TrustedId": "7649555430638576"
        },
        "x:QuotationRequest": {
          "@documentNumber": "Micls",
          "@returnAssistedParametersIndicator": "true",
          "@documentDate": "2021-02-09-06:00",
          "@transactionType": "SALE",
          "@xmlns": {
            "soap": "http://schemas.xmlsoap.org/soap/envelope/",
            "": "urn:vertexinc:o-series:tps:7:0"
          },
          "x:Currency": {
            "@isoCurrencyCodeAlpha": "USD"
          },
          "x:Seller": {
            "x:Company": "1000"
          },
          "x:LineItem": [
            {
              "@lineItemNumber": "1",
              "@lineItemId": "70c1842087142c4617c5a38128",
              "x:Customer": {
                "x:Destination": {
                  "x:StreetAddress1": "14 Candlewood Lake Rd, Suite 200",
                  "x:City": "Brookfield",
                  "x:MainDivision": "CT",
                  "x:PostalCode": "06804-2529",
                  "x:Country": "US"
                }
              },
              "x:Product": {
                "@productClass": "100"
              },
              "x:Quantity": {
                "@unitOfMeasure": "EA",
                "#text": "1.0"
              },
              "x:ExtendedPrice": "29.99"
            },
            {
              "@lineItemNumber": "2",
              "@lineItemId": "254c7e36c11df431d51b1c8029",
              "x:Customer": {
                "x:Destination": {
                  "x:StreetAddress1": "14 Candlewood Lake Rd, Suite 200",
                  "x:City": "Brookfield",
                  "x:MainDivision": "CT",
                  "x:PostalCode": "06804-2529",
                  "x:Country": "US"
                }
              },
              "x:Product": {
                "@productClass": "199"
              },
              "x:Quantity": {
                "@unitOfMeasure": "EA",
                "#text": "1.0"
              },
              "x:ExtendedPrice": "6.95"
            }
          ]
        }
      }
    }
  }
}