{
  "http://schemas.xmlsoap.org/soap/envelope/:Envelope": {
    "http://schemas.xmlsoap.org/soap/envelope/:Body": {
      "x:VertexEnvelope": {
        "x:Login": {
          "x:UserName": null,
          "x:TrustedId": "6527455886212922"
        },
        "x:QuotationRequest": {
          "@transactionType": "SALE",
          "@deliveryTerm": "FOB",
          "@documentDate": "2021-02-08",
          "@documentNumber": "SO-02209742",
          "@locationCode": "",
          "@xmlns": {
            "s": "http://schemas.xmlsoap.org/soap/envelope/",
            "xsi": "http://www.w3.org/2001/XMLSchema-instance",
            "xsd": "http://www.w3.org/2001/XMLSchema",
            "": "urn:vertexinc:o-series:tps:7:0"
          },
          "x:Currency": {
            "@isoCurrencyCodeAlpha": "USD"
          },
          "x:Seller": {
            "x:Company": "EW",
            "x:PhysicalOrigin": {
              "x:StreetAddress1": "263 Shoemaker Rd",
              "x:City": "Pottstown",
              "x:MainDivision": "PA",
              "x:PostalCode": "19464",
              "x:Country": "USA"
            },
            "x:AdministrativeOrigin": {
              "x:StreetAddress1": "263 Shoemaker Rd",
              "x:City": "Pottstown",
              "x:MainDivision": "PA",
              "x:PostalCode": "19464",
              "x:Country": "USA"
            }
          },
          "x:Customer": {
            "x:CustomerCode": {
              "@classCode": "REG",
              "#text": "0064857192"
            },
            "x:Destination": {
              "x:StreetAddress1": "916 Cherokee Ave",
              "x:City": "Fort Morgan",
              "x:MainDivision": "CO",
              "x:PostalCode": "80701-4013",
              "x:Country": "USA"
            }
          },
          "x:LineItem": [
            {
              "@lineItemId": "5640209566",
              "@deliveryTerm": "FOB",
              "@lineItemNumber": "230",
              "x:Seller": {
                "x:Company": "EW",
                "x:PhysicalOrigin": {
                  "x:StreetAddress1": "263 Shoemaker Rd",
                  "x:City": "Pottstown",
                  "x:MainDivision": "PA",
                  "x:PostalCode": "19464",
                  "x:Country": "USA"
                },
                "x:AdministrativeOrigin": {
                  "x:StreetAddress1": "263 Shoemaker Rd",
                  "x:City": "Pottstown",
                  "x:MainDivision": "PA",
                  "x:PostalCode": "19464",
                  "x:Country": "USA"
                }
              },
              "x:Customer": {
                "x:CustomerCode": {
                  "@classCode": "REG",
                  "#text": "0064857192"
                },
                "x:Destination": {
                  "x:StreetAddress1": "916 Cherokee Ave",
                  "x:City": "Fort Morgan",
                  "x:MainDivision": "CO",
                  "x:PostalCode": "80701-4013",
                  "x:Country": "USA"
                }
              },
              "x:Product": {
                "@productClass": "FRT_TX",
                "#text": "01"
              },
              "x:Quantity": "1",
              "x:ExtendedPrice": "0",
              "x:FlexibleFields": {
                "x:FlexibleCodeField": {
                  "@fieldId": "1",
                  "#text": "AMZNPP"
                }
              }
            },
            {
              "@lineItemId": "5642887156",
              "@locationCode": "01",
              "@deliveryTerm": "FOB",
              "@lineItemNumber": "359",
              "x:Seller": {
                "x:Company": "EW",
                "x:PhysicalOrigin": {
                  "x:StreetAddress1": "263 Shoemaker Road",
                  "x:City": "Pottstown",
                  "x:MainDivision": "PA",
                  "x:PostalCode": "19464",
                  "x:Country": "USA"
                },
                "x:AdministrativeOrigin": {
                  "x:StreetAddress1": "263 Shoemaker Rd",
                  "x:City": "Pottstown",
                  "x:MainDivision": "PA",
                  "x:PostalCode": "19464",
                  "x:Country": "USA"
                }
              },
              "x:Customer": {
                "x:CustomerCode": {
                  "@classCode": "REG",
                  "#text": "0064857192"
                },
                "x:Destination": {
                  "x:StreetAddress1": "916 Cherokee Ave",
                  "x:City": "Fort Morgan",
                  "x:MainDivision": "CO",
                  "x:PostalCode": "80701-4013",
                  "x:Country": "USA"
                }
              },
              "x:Product": {
                "@productClass": "PRD_TX",
                "#text": "10105LB"
              },
              "x:Quantity": "1",
              "x:ExtendedPrice": "22.990",
              "x:Discount": {
                "@userDefinedDiscountCode": "",
                "x:DiscountAmount": "0.000"
              },
              "x:FlexibleFields": {
                "x:FlexibleCodeField": {
                  "@fieldId": "1",
                  "#text": "AMZNPP"
                }
              }
            }
          ]
        }
      }
    }
  }
}