{
  "http://schemas.xmlsoap.org/soap/envelope/:Envelope": {
    "http://schemas.xmlsoap.org/soap/envelope/:Body": {
      "x:VertexEnvelope": {
        "x:Login": {
          "x:UserName": "6819430458011196",
          "x:Password": "6819430458011196"
        },
        "x:QuotationRequest": {
          "@documentNumber": "EC301780396-shipping",
          "@returnAssistedParametersIndicator": "true",
          "@documentDate": "2021-02-09Z",
          "@transactionType": "SALE",
          "@xmlns": {
            "ns2": "http://schemas.xmlsoap.org/soap/envelope/",
            "ns3": "urn:vertexinc:o-series:tps:7:0"
          },
          "x:Seller": {
            "x:Company": "2",
            "x:PhysicalOrigin": {
              "@http://www.w3.org/2001/XMLSchema-instance:type": "ns3:TaxingJurisdictionLocationType",
              "@taxAreaId": "475500155",
              "@externalJurisdictionCode": "APO",
              "@xmlns": {
                "xsi": "http://www.w3.org/2001/XMLSchema-instance"
              },
              "x:City": "Chesapeake",
              "x:MainDivision": "VA1",
              "x:SubDivision": "Chesapeake City",
              "x:PostalCode": "23320",
              "x:Country": "Chesapeake City"
            }
          },
          "x:LineItem": {
            "@lineItemNumber": "0",
            "@taxDate": "2021-02-09Z",
            "@isMulticomponent": "false",
            "@vendorSKU": "shipping",
            "@lineItemId": "shipping",
            "x:Seller": {
              "x:Company": "2",
              "x:PhysicalOrigin": {
                "@http://www.w3.org/2001/XMLSchema-instance:type": "ns3:TaxingJurisdictionLocationType",
                "@xmlns": {
                  "xsi": "http://www.w3.org/2001/XMLSchema-instance"
                },
                "x:City": "Cowpens",
                "x:MainDivision": "SC",
                "x:PostalCode": "29330",
                "x:Country": "US"
              }
            },
            "x:Customer": {
              "x:CustomerCode": null,
              "x:Destination": {
                "@http://www.w3.org/2001/XMLSchema-instance:type": "ns3:TaxingJurisdictionLocationType",
                "@taxAreaId": "231632662",
                "@externalJurisdictionCode": "APO",
                "@xmlns": {
                  "xsi": "http://www.w3.org/2001/XMLSchema-instance"
                },
                "x:City": "Rockwood",
                "x:MainDivision": "MI",
                "x:PostalCode": "48173",
                "x:Country": "US"
              }
            },
            "x:Product": {
              "@productClass": "888888",
              "#text": "shipping"
            },
            "x:Quantity": {
              "@unitOfMeasure": "EA",
              "#text": "1"
            },
            "x:UnitPrice": "9.48",
            "x:ExtendedPrice": "9.48"
          }
        }
      }
    }
  }
}