{
  "http://schemas.xmlsoap.org/soap/envelope/:Envelope": {
    "http://schemas.xmlsoap.org/soap/envelope/:Body": {
      "urn:vertexinc:o-series:tps:8:0:VertexEnvelope": {
        "urn:vertexinc:o-series:tps:8:0:Login": {
          "urn:vertexinc:o-series:tps:8:0:TrustedId": "6514008283440249"
        },
        "urn:vertexinc:o-series:tps:8:0:QuotationRequest": {
          "@transactionType": "SALE",
          "@documentDate": "2021-02-09",
          "@documentNumber": "003408655857651~4499107~3",
          "@xmlns": {
            "s": "http://schemas.xmlsoap.org/soap/envelope/",
            "xsi": "http://www.w3.org/2001/XMLSchema-instance",
            "xsd": "http://www.w3.org/2001/XMLSchema",
            "": "urn:vertexinc:o-series:tps:8:0"
          },
          "urn:vertexinc:o-series:tps:8:0:LineItem": {
            "urn:vertexinc:o-series:tps:8:0:Seller": {
              "urn:vertexinc:o-series:tps:8:0:Company": "SAMS",
              "urn:vertexinc:o-series:tps:8:0:PhysicalOrigin": {
                "@taxAreaId": "310032120"
              }
            },
            "urn:vertexinc:o-series:tps:8:0:Customer": {
              "urn:vertexinc:o-series:tps:8:0:Destination": {
                "urn:vertexinc:o-series:tps:8:0:StreetAddress1": "NORTH MIAMI BEACH",
                "urn:vertexinc:o-series:tps:8:0:City": "NORTH MIAMI BEACH",
                "urn:vertexinc:o-series:tps:8:0:MainDivision": "FL",
                "urn:vertexinc:o-series:tps:8:0:PostalCode": "33160.0",
                "urn:vertexinc:o-series:tps:8:0:Country": "US"
              }
            },
            "urn:vertexinc:o-series:tps:8:0:Product": {
              "@productClass": "ESA"
            },
            "urn:vertexinc:o-series:tps:8:0:Quantity": "1",
            "urn:vertexinc:o-series:tps:8:0:UnitPrice": "144.99"
          }
        }
      }
    }
  }
}