{
  "http://schemas.xmlsoap.org/soap/envelope/:Envelope": {
    "http://schemas.xmlsoap.org/soap/envelope/:Header": null,
    "http://schemas.xmlsoap.org/soap/envelope/:Body": {
      "x:VertexEnvelope": {
        "x:Login": {
          "x:TrustedId": "3571150848847367"
        },
        "x:QuotationRequest": {
          "@transactionType": "SALE",
          "@xmlns": {
            "SOAP-ENV": "http://schemas.xmlsoap.org/soap/envelope/",
            "ns2": "urn:vertexinc:o-series:tps:7:0"
          },
          "x:Currency": {
            "@isoCurrencyCodeAlpha": "USD",
            "@isoCurrencyCodeNum": "840"
          },
          "x:Seller": {
            "x:Company": "msqcProd"
          },
          "x:Customer": {
            "x:Destination": {
              "x:StreetAddress1": "555 ROUNDTREE DR NE",
              "x:City": "ADA",
              "x:MainDivision": "MI",
              "x:PostalCode": "49301"
            }
          },
          "x:LineItem": [
            {
              "@vendorSKU": "FBY8096",
              "x:Quantity": {
                "@unitOfMeasure": "EA",
                "#text": "2.0"
              },
              "x:UnitPrice": "4.95",
              "x:ExtendedPrice": "9.9"
            },
            {
              "@vendorSKU": "NOT2295",
              "x:Quantity": {
                "@unitOfMeasure": "EA",
                "#text": "1.0"
              },
              "x:UnitPrice": "14.45",
              "x:ExtendedPrice": "14.45"
            },
            {
              "@vendorSKU": "NOT2314",
              "x:Quantity": {
                "@unitOfMeasure": "EA",
                "#text": "1.0"
              },
              "x:UnitPrice": "20.25",
              "x:ExtendedPrice": "20.25"
            }
          ]
        }
      }
    }
  }
}