{
  "http://schemas.xmlsoap.org/soap/envelope/:Envelope": {
    "http://schemas.xmlsoap.org/soap/envelope/:Header": null,
    "http://schemas.xmlsoap.org/soap/envelope/:Body": {
      "x:VertexEnvelope": {
        "x:Login": {
          "x:TrustedId": "8105174526942882"
        },
        "x:QuotationRequest": {
          "@documentDate": "2020-09-29",
          "@documentNumber": "W01005708521918",
          "@transactionType": "SALE",
          "@xmlns": {
            "SOAP-ENV": "http://schemas.xmlsoap.org/soap/envelope/",
            "ns2": "urn:vertexinc:o-series:tps:7:0"
          },
          "x:LineItem": [
            {
              "@lineItemId": "277904210_ITM",
              "@lineItemNumber": "277904210",
              "x:Seller": {
                "x:Company": "10",
                "x:PhysicalOrigin": {
                  "@taxAreaId": "330590000"
                }
              },
              "x:Customer": {
                "@isTaxExempt": "false",
                "x:Destination": {
                  "x:StreetAddress1": "1201 S Grand Blvd",
                  "x:StreetAddress2": "7th Floor. 7h2307",
                  "x:City": "Saint Louis",
                  "x:MainDivision": "MO",
                  "x:PostalCode": "63104",
                  "x:Country": "USA"
                }
              },
              "x:Product": {
                "@productClass": "03",
                "#text": "142457M"
              },
              "x:Quantity": "1.0",
              "x:ExtendedPrice": "27.99",
              "x:FlexibleFields": {
                "x:FlexibleCodeField": [
                  {
                    "@fieldId": "1",
                    "#text": "Original"
                  },
                  {
                    "@fieldId": "2",
                    "#text": "WEB"
                  },
                  {
                    "@fieldId": "8",
                    "#text": "142457M"
                  },
                  {
                    "@fieldId": "9",
                    "#text": "1001"
                  },
                  {
                    "@fieldId": "11",
                    "#text": "GPT"
                  },
                  {
                    "@fieldId": "15",
                    "#text": "MO"
                  },
                  {
                    "@fieldId": "20",
                    "#text": "Gale Roxy Lupien"
                  },
                  {
                    "@fieldId": "21",
                    "#text": "St Louis University Hospital"
                  },
                  {
                    "@fieldId": "22",
                    "#text": "Saint Louis"
                  },
                  {
                    "@fieldId": "23",
                    "#text": "MO"
                  },
                  {
                    "@fieldId": "3",
                    "#text": "03"
                  }
                ],
                "x:FlexibleNumericField": {
                  "@fieldId": "3",
                  "#text": "1.0"
                }
              }
            },
            {
              "@lineItemId": "277904210_FRT",
              "@lineItemNumber": "277904210",
              "x:Seller": {
                "x:Company": "10",
                "x:PhysicalOrigin": {
                  "@taxAreaId": "330590000"
                }
              },
              "x:Customer": {
                "@isTaxExempt": "false",
                "x:Destination": {
                  "x:StreetAddress1": "1201 S Grand Blvd",
                  "x:StreetAddress2": "7th Floor. 7h2307",
                  "x:City": "Saint Louis",
                  "x:MainDivision": "MO",
                  "x:PostalCode": "63104",
                  "x:Country": "USA"
                }
              },
              "x:Product": {
                "@productClass": "03",
                "#text": "FRT"
              },
              "x:ExtendedPrice": "0.0",
              "x:FlexibleFields": {
                "x:FlexibleCodeField": [
                  {
                    "@fieldId": "1",
                    "#text": "Original"
                  },
                  {
                    "@fieldId": "2",
                    "#text": "WEB"
                  },
                  {
                    "@fieldId": "8",
                    "#text": "142457M"
                  },
                  {
                    "@fieldId": "9",
                    "#text": "1001"
                  },
                  {
                    "@fieldId": "11",
                    "#text": "GPT"
                  },
                  {
                    "@fieldId": "15",
                    "#text": "MO"
                  },
                  {
                    "@fieldId": "20",
                    "#text": "Gale Roxy Lupien"
                  },
                  {
                    "@fieldId": "21",
                    "#text": "St Louis University Hospital"
                  },
                  {
                    "@fieldId": "22",
                    "#text": "Saint Louis"
                  },
                  {
                    "@fieldId": "23",
                    "#text": "MO"
                  },
                  {
                    "@fieldId": "3",
                    "#text": "03"
                  }
                ],
                "x:FlexibleNumericField": {
                  "@fieldId": "3",
                  "#text": "1.0"
                }
              }
            },
            {
              "@lineItemId": "273641391_ITM",
              "@lineItemNumber": "273641391",
              "x:Seller": {
                "x:Company": "10",
                "x:PhysicalOrigin": {
                  "@taxAreaId": "330590000"
                }
              },
              "x:Customer": {
                "@isTaxExempt": "false",
                "x:Destination": {
                  "x:StreetAddress1": "3117 HAMPTON AVE",
                  "x:City": "Saint Louis",
                  "x:MainDivision": "MO",
                  "x:PostalCode": "63139",
                  "x:Country": "USA"
                }
              },
              "x:Product": {
                "@productClass": "03",
                "#text": "142457S"
              },
              "x:Quantity": "1.0",
              "x:ExtendedPrice": "20.99",
              "x:FlexibleFields": {
                "x:FlexibleCodeField": [
                  {
                    "@fieldId": "1",
                    "#text": "Original"
                  },
                  {
                    "@fieldId": "2",
                    "#text": "WEB"
                  },
                  {
                    "@fieldId": "8",
                    "#text": "142457S"
                  },
                  {
                    "@fieldId": "9",
                    "#text": "1001"
                  },
                  {
                    "@fieldId": "11",
                    "#text": "GPT"
                  },
                  {
                    "@fieldId": "15",
                    "#text": "MO"
                  },
                  {
                    "@fieldId": "20",
                    "#text": "Andrea Lupien"
                  },
                  {
                    "@fieldId": "21",
                    "#text": "SoHa Insurance"
                  },
                  {
                    "@fieldId": "22",
                    "#text": "Saint Louis"
                  },
                  {
                    "@fieldId": "23",
                    "#text": "MO"
                  },
                  {
                    "@fieldId": "3",
                    "#text": "03"
                  }
                ],
                "x:FlexibleNumericField": {
                  "@fieldId": "3",
                  "#text": "2.0"
                }
              }
            },
            {
              "@lineItemId": "273641391_FRT",
              "@lineItemNumber": "273641391",
              "x:Seller": {
                "x:Company": "10",
                "x:PhysicalOrigin": {
                  "@taxAreaId": "330590000"
                }
              },
              "x:Customer": {
                "@isTaxExempt": "false",
                "x:Destination": {
                  "x:StreetAddress1": "3117 HAMPTON AVE",
                  "x:City": "Saint Louis",
                  "x:MainDivision": "MO",
                  "x:PostalCode": "63139",
                  "x:Country": "USA"
                }
              },
              "x:Product": {
                "@productClass": "03",
                "#text": "FRT"
              },
              "x:ExtendedPrice": "0.0",
              "x:FlexibleFields": {
                "x:FlexibleCodeField": [
                  {
                    "@fieldId": "1",
                    "#text": "Original"
                  },
                  {
                    "@fieldId": "2",
                    "#text": "WEB"
                  },
                  {
                    "@fieldId": "8",
                    "#text": "142457S"
                  },
                  {
                    "@fieldId": "9",
                    "#text": "1001"
                  },
                  {
                    "@fieldId": "11",
                    "#text": "GPT"
                  },
                  {
                    "@fieldId": "15",
                    "#text": "MO"
                  },
                  {
                    "@fieldId": "20",
                    "#text": "Andrea Lupien"
                  },
                  {
                    "@fieldId": "21",
                    "#text": "SoHa Insurance"
                  },
                  {
                    "@fieldId": "22",
                    "#text": "Saint Louis"
                  },
                  {
                    "@fieldId": "23",
                    "#text": "MO"
                  },
                  {
                    "@fieldId": "3",
                    "#text": "03"
                  }
                ],
                "x:FlexibleNumericField": {
                  "@fieldId": "3",
                  "#text": "2.0"
                }
              }
            }
          ]
        }
      }
    }
  }
}