{
  "http://schemas.xmlsoap.org/soap/envelope/:Envelope": {
    "http://schemas.xmlsoap.org/soap/envelope/:Header": null,
    "http://schemas.xmlsoap.org/soap/envelope/:Body": {
      "x:VertexEnvelope": {
        "x:Login": {
          "x:TrustedId": "3214507142961597"
        },
        "x:QuotationRequest": {
          "@documentDate": "2021-02-09",
          "@transactionType": "SALE",
          "@xmlns": {
            "SOAP-ENV": "http://schemas.xmlsoap.org/soap/envelope/",
            "ns2": "urn:vertexinc:o-series:tps:7:0"
          },
          "x:Currency": {
            "@isoCurrencyCodeAlpha": "USD"
          },
          "x:Seller": {
            "x:Company": "08316342",
            "x:PhysicalOrigin": null
          },
          "x:Customer": {
            "x:Destination": {
              "x:StreetAddress1": "10369 NW 37th Ave",
              "x:City": "Miami",
              "x:MainDivision": "FL",
              "x:PostalCode": "33147",
              "x:Country": "US"
            }
          },
          "x:LineItem": [
            {
              "x:Product": {
                "@productClass": "shipping"
              },
              "x:ExtendedPrice": "10.0"
            },
            {
              "x:Product": {
                "@productClass": "56"
              },
              "x:ExtendedPrice": "170.0"
            }
          ]
        }
      }
    }
  }
}