{
  "http://schemas.xmlsoap.org/soap/envelope/:Envelope": {
    "http://schemas.xmlsoap.org/soap/envelope/:Header": null,
    "http://schemas.xmlsoap.org/soap/envelope/:Body": {
      "x:VertexEnvelope": {
        "x:Login": {
          "x:TrustedId": "7877766435384007"
        },
        "x:QuotationRequest": {
          "@documentDate": "2021-02-09",
          "@transactionType": "SALE",
          "@xmlns": {
            "SOAP-ENV": "http://schemas.xmlsoap.org/soap/envelope/",
            "ns2": "urn:vertexinc:o-series:tps:7:0"
          },
          "x:Currency": {
            "@isoCurrencyCodeAlpha": "USD"
          },
          "x:Seller": {
            "x:Company": "02"
          },
          "x:Customer": {
            "@isTaxExempt": "false",
            "x:CustomerCode": {
              "@isBusinessIndicator": "false",
              "#text": "43428"
            },
            "x:Destination": {
              "@taxAreaId": "0",
              "x:StreetAddress1": "166 E 63RD ST",
              "x:City": "NEW YORK",
              "x:MainDivision": "NY",
              "x:PostalCode": "10065",
              "x:Country": "US"
            }
          },
          "x:LineItem": [
            {
              "@isMulticomponent": "false",
              "@lineItemId": "2707036-1.00",
              "@lineItemNumber": "0",
              "@taxDate": "2020-01-10",
              "@taxIncludedIndicator": "false",
              "x:Product": {
                "@productClass": "GOLF BAGS",
                "#text": "GOLF BAGS"
              },
              "x:ExtendedPrice": "150.0",
              "x:FlexibleFields": {
                "x:FlexibleCodeField": {
                  "@fieldId": "6",
                  "#text": "2707036"
                }
              }
            },
            {
              "@isMulticomponent": "false",
              "@lineItemId": "SANDH",
              "@lineItemNumber": "0",
              "@taxIncludedIndicator": "false",
              "x:Product": "SHIPPING AND HANDLING",
              "x:ExtendedPrice": "14.95"
            }
          ]
        }
      }
    }
  }
}