{
  "http://schemas.xmlsoap.org/soap/envelope/:Envelope": {
    "http://schemas.xmlsoap.org/soap/envelope/:Header": null,
    "http://schemas.xmlsoap.org/soap/envelope/:Body": {
      "x:VertexEnvelope": {
        "x:Login": {
          "x:TrustedId": "5440678682795897"
        },
        "x:TaxAreaRequest": {
          "x:TaxAreaLookup": {
            "@asOfDate": "2021-02-09",
            "@xmlns": {
              "SOAP-ENV": "http://schemas.xmlsoap.org/soap/envelope/",
              "ns2": "urn:vertexinc:o-series:tps:7:0"
            },
            "x:PostalAddress": {
              "x:StreetAddress1": "PO Box 769",
              "x:City": "Hightstown",
              "x:MainDivision": "NJ",
              "x:PostalCode": "08520-0769",
              "x:Country": "USA"
            }
          }
        }
      }
    }
  }
}