{
  "http://schemas.xmlsoap.org/soap/envelope/:Envelope": {
    "http://schemas.xmlsoap.org/soap/envelope/:Body": {
      "x:VertexEnvelope": {
        "x:Login": {
          "x:UserName": "6819430458011196",
          "x:Password": "6819430458011196"
        },
        "x:TaxAreaRequest": {
          "x:TaxAreaLookup": {
            "@asOfDate": "2021-02-09Z",
            "@xmlns": {
              "ns2": "http://schemas.xmlsoap.org/soap/envelope/",
              "ns3": "urn:vertexinc:o-series:tps:7:0"
            },
            "x:PostalAddress": {
              "x:City": "Indianapolis",
              "x:MainDivision": "IN",
              "x:PostalCode": "46235",
              "x:Country": "US"
            }
          }
        }
      }
    }
  }
}