{
  "http://schemas.xmlsoap.org/soap/envelope/:Envelope": {
    "http://schemas.xmlsoap.org/soap/envelope/:Header": null,
    "http://schemas.xmlsoap.org/soap/envelope/:Body": {
      "x:VertexEnvelope": {
        "x:Login": {
          "x:TrustedId": "5461809031989282"
        },
        "x:QuotationRequest": {
          "@transactionType": "SALE",
          "@documentDate": "2021-02-09",
          "@documentNumber": "-100",
          "@xmlns": {
            "soapenv": "http://schemas.xmlsoap.org/soap/envelope/",
            "": "urn:vertexinc:o-series:tps:7:0"
          },
          "x:Seller": {
            "x:Company": "WPS",
            "x:PhysicalOrigin": {
              "x:StreetAddress1": "601 E. Gowen Rd",
              "x:StreetAddress2": null,
              "x:City": "Boise",
              "x:MainDivision": "ID",
              "x:PostalCode": "83716",
              "x:Country": "USA"
            }
          },
          "x:Customer": {
            "x:CustomerCode": {
              "@classCode": "05",
              "#text": "940309"
            },
            "x:Destination": {
              "x:StreetAddress1": "4926 E 21ST ST",
              "x:StreetAddress2": null,
              "x:City": "TULSA",
              "x:MainDivision": "OK",
              "x:PostalCode": "74114",
              "x:Country": "USA"
            }
          },
          "x:LineItem": {
            "@lineItemNumber": "2",
            "@locationCode": "ID",
            "x:Product": null,
            "x:Quantity": "1.00",
            "x:UnitPrice": "20.3196",
            "x:ExtendedPrice": "20.3200",
            "x:FlexibleFields": {
              "x:FlexibleCodeField": [
                {
                  "@fieldId": "3",
                  "#text": "87-4423"
                },
                {
                  "@fieldId": "5",
                  "#text": "TULSA POWERSPORTS"
                },
                {
                  "@fieldId": "6"
                }
              ]
            }
          }
        }
      }
    }
  }
}