{
  "http://schemas.xmlsoap.org/soap/envelope/:Envelope": {
    "http://schemas.xmlsoap.org/soap/envelope/:Body": {
      "x:VertexEnvelope": {
        "x:Login": {
          "x:TrustedId": "2158938152106838"
        },
        "x:QuotationRequest": {
          "@documentDate": "2020-12-04",
          "@documentNumber": "60767773",
          "@transactionType": "SALE",
          "@xmlns": {
            "soapenv": "http://schemas.xmlsoap.org/soap/envelope/",
            "xsi": "http://www.w3.org/2001/XMLSchema-instance",
            "": "urn:vertexinc:o-series:tps:7:0"
          },
          "x:FlexibleFields": {
            "x:FlexibleDateField": {
              "@fieldId1": "2020-12-04"
            }
          },
          "x:Seller": {
            "x:Company": "LCC1945",
            "x:PhysicalOrigin": {
              "x:StreetAddress1": "1309 Mount Eustis Rd",
              "x:City": "Littleton",
              "x:MainDivision": "NH",
              "x:PostalCode": "03561"
            }
          },
          "x:Customer": {
            "x:CustomerCode": {
              "@classCode": "Customer Class",
              "#text": "74249723"
            },
            "x:Destination": {
              "x:StreetAddress1": "15331 BALBOA ST",
              "x:City": "WESTMINSTER",
              "x:MainDivision": "CA",
              "x:PostalCode": "926836356"
            }
          },
          "x:LineItem": [
            {
              "@lineItemNumber": "1",
              "@LocationCode": "Littleton01",
              "x:Product": {
                "@productClass": "3",
                "#text": "14/423"
              },
              "x:Quantity": "1",
              "x:ExtendedPrice": "132.00",
              "x:FlexibleFields": {
                "x:FlexibleCodeField": [
                  {
                    "@fieldId": "3",
                    "#text": "1673.20"
                  },
                  {
                    "@fieldId": "4",
                    "#text": "1"
                  }
                ]
              }
            },
            {
              "@lineItemNumber": "2",
              "@LocationCode": "Littleton01",
              "x:Product": {
                "@productClass": "97",
                "#text": "97/001"
              },
              "x:Quantity": "1",
              "x:ExtendedPrice": "4.95",
              "x:FlexibleFields": {
                "x:FlexibleCodeField": [
                  {
                    "@fieldId": "3",
                    "#text": "PH106"
                  },
                  {
                    "@fieldId": "4",
                    "#text": "2"
                  }
                ]
              }
            }
          ]
        }
      }
    }
  }
}