{
  "http://schemas.xmlsoap.org/soap/envelope/:Envelope": {
    "http://schemas.xmlsoap.org/soap/envelope/:Body": {
      "x:VertexEnvelope": {
        "x:Login": {
          "x:TrustedId": "7649555430638576"
        },
        "x:QuotationRequest": {
          "@documentNumber": "Micls",
          "@returnAssistedParametersIndicator": "true",
          "@documentDate": "2021-02-09-06:00",
          "@transactionType": "SALE",
          "@xmlns": {
            "soap": "http://schemas.xmlsoap.org/soap/envelope/",
            "": "urn:vertexinc:o-series:tps:7:0"
          },
          "x:Currency": {
            "@isoCurrencyCodeAlpha": "USD"
          },
          "x:Seller": {
            "x:Company": "1000"
          },
          "x:LineItem": [
            {
              "@lineItemNumber": "1",
              "@lineItemId": "fbe69e73671c97afdf7706c6e3",
              "x:Customer": {
                "x:Destination": {
                  "x:StreetAddress1": "135 Promenade Blvd",
                  "x:City": "Bridgewater",
                  "x:MainDivision": "NJ",
                  "x:PostalCode": "08807-3455",
                  "x:Country": "US"
                }
              },
              "x:Product": {
                "@productClass": "275"
              },
              "x:Quantity": {
                "@unitOfMeasure": "EA",
                "#text": "5.0"
              },
              "x:ExtendedPrice": "19.95"
            },
            {
              "@lineItemNumber": "2",
              "@lineItemId": "5979d3dbbcdbe5d052083aca6c",
              "x:Customer": {
                "x:Destination": {
                  "x:StreetAddress1": "135 Promenade Blvd",
                  "x:City": "Bridgewater",
                  "x:MainDivision": "NJ",
                  "x:PostalCode": "08807-3455",
                  "x:Country": "US"
                }
              },
              "x:Product": {
                "@productClass": "199"
              },
              "x:Quantity": {
                "@unitOfMeasure": "EA",
                "#text": "1.0"
              },
              "x:ExtendedPrice": "21.95"
            }
          ]
        }
      }
    }
  }
}