{
  "http://schemas.xmlsoap.org/soap/envelope/:Envelope": {
    "http://schemas.xmlsoap.org/soap/envelope/:Body": {
      "x:VertexEnvelope": {
        "x:Login": {
          "x:TrustedId": "1897718123271775"
        },
        "x:QuotationRequest": {
          "@documentDate": "2021-02-09",
          "@returnAssistedParametersIndicator": "true",
          "@returnGeneratedLineItemsIndicator": "true",
          "@transactionType": "SALE",
          "@xmlns": {
            "soapenv": "http://schemas.xmlsoap.org/soap/envelope/",
            "xsd": "http://www.w3.org/2001/XMLSchema",
            "xsi": "http://www.w3.org/2001/XMLSchema-instance",
            "": "urn:vertexinc:o-series:tps:7:0",
            "ns1": "urn:vertexinc:o-series:tps:7:0"
          },
          "x:Currency": {
            "@isoCurrencyCodeAlpha": "USD"
          },
          "x:Seller": {
            "x:Company": "1000"
          },
          "x:LineItem": {
            "@lineItemId": "000001",
            "@lineItemNumber": "000001",
            "@taxDate": "2021-02-09",
            "@transactionType": "SALE",
            "x:Seller": {
              "x:Company": "1000",
              "x:PhysicalOrigin": {
                "@taxAreaId": "240530840",
                "x:MainDivision": "MN",
                "x:Country": "US"
              },
              "x:AdministrativeOrigin": {
                "@taxAreaId": "240530840",
                "x:MainDivision": "MN",
                "x:Country": "US"
              }
            },
            "x:Customer": {
              "x:CustomerCode": "10000",
              "x:Destination": {
                "@taxAreaId": "240530840",
                "x:MainDivision": "MN",
                "x:Country": "US"
              },
              "x:AdministrativeDestination": {
                "@taxAreaId": "240530840",
                "x:MainDivision": "MN",
                "x:Country": "US"
              }
            },
            "x:Product": "000000000000494197",
            "x:Quantity": {
              "@unitOfMeasure": "EA",
              "#text": "1"
            },
            "x:ExtendedPrice": "6.99",
            "x:FlexibleFields": {
              "x:FlexibleCodeField": [
                {
                  "@fieldId": "12",
                  "#text": "1012"
                },
                {
                  "@fieldId": "14",
                  "#text": "sapprds4a12"
                }
              ]
            }
          }
        },
        "x:ApplicationData": {
          "x:Sender": "PS1-300"
        }
      }
    }
  }
}