{
  "http://schemas.xmlsoap.org/soap/envelope/:Envelope": {
    "http://schemas.xmlsoap.org/soap/envelope/:Header": null,
    "http://schemas.xmlsoap.org/soap/envelope/:Body": {
      "x:VertexEnvelope": {
        "x:Login": {
          "x:TrustedId": "1235769293676012"
        },
        "x:QuotationRequest": {
          "@documentDate": "2021-02-09",
          "@documentNumber": "DWC-QUOTE",
          "@transactionType": "SALE",
          "@xmlns": {
            "SOAP-ENV": "http://schemas.xmlsoap.org/soap/envelope/",
            "ns2": "urn:vertexinc:o-series:tps:7:0"
          },
          "x:Currency": {
            "@isoCurrencyCodeAlpha": "CAD"
          },
          "x:Seller": {
            "x:Company": "2000",
            "x:PhysicalOrigin": {
              "x:StreetAddress1": "1750 Innes Rd",
              "x:City": "Gloucester",
              "x:MainDivision": "ON",
              "x:PostalCode": "K1B 3K5",
              "x:Country": "CA"
            },
            "x:AdministrativeOrigin": {
              "x:StreetAddress1": "1750 Innes Rd",
              "x:City": "Gloucester",
              "x:MainDivision": "ON",
              "x:PostalCode": "K1B 3K5",
              "x:Country": "CA"
            }
          },
          "x:LineItem": [
            {
              "@lineItemId": "e02d224275c510fdd92323de38",
              "@lineItemNumber": "1",
              "@taxIncludedIndicator": "false",
              "x:Customer": {
                "x:CustomerCode": "d56b797f-7138-4354-91f4-dddcd775b458",
                "x:Destination": {
                  "x:StreetAddress1": "2013 Cassburn Road",
                  "x:City": "L\u00e2\u20ac\u2122Orignal",
                  "x:MainDivision": "ON",
                  "x:PostalCode": "K0B1K0",
                  "x:Country": "CA"
                }
              },
              "x:Product": {
                "@productClass": "P0000000",
                "#text": "5275883"
              },
              "x:Quantity": {
                "@unitOfMeasure": "EA",
                "#text": "1.0"
              },
              "x:ExtendedPrice": "21.99",
              "x:FlexibleFields": {
                "x:FlexibleCodeField": {
                  "@fieldId": "8",
                  "#text": "TUFFY DESERT LIZARD                   86"
                }
              }
            },
            {
              "@lineItemId": "5a847c4ba5a29c168abf9b096c",
              "@lineItemNumber": "2",
              "@taxIncludedIndicator": "false",
              "x:Customer": {
                "x:CustomerCode": "d56b797f-7138-4354-91f4-dddcd775b458",
                "x:Destination": {
                  "x:StreetAddress1": "2013 Cassburn Road",
                  "x:City": "L\u00e2\u20ac\u2122Orignal",
                  "x:MainDivision": "ON",
                  "x:PostalCode": "K0B1K0",
                  "x:Country": "CA"
                }
              },
              "x:Product": {
                "@productClass": "P0000000",
                "#text": "5264491"
              },
              "x:Quantity": {
                "@unitOfMeasure": "EA",
                "#text": "1.0"
              },
              "x:ExtendedPrice": "22.99",
              "x:FlexibleFields": {
                "x:FlexibleCodeField": {
                  "@fieldId": "8",
                  "#text": "TUFFY BARNYARD RABBIT BROWN           23"
                }
              }
            },
            {
              "@lineItemId": "9a40495e7bf8ff4425d28d5eac",
              "@lineItemNumber": "3",
              "@taxIncludedIndicator": "false",
              "x:Customer": {
                "x:CustomerCode": "d56b797f-7138-4354-91f4-dddcd775b458",
                "x:Destination": {
                  "x:StreetAddress1": "2013 Cassburn Road",
                  "x:City": "L\u00e2\u20ac\u2122Orignal",
                  "x:MainDivision": "ON",
                  "x:PostalCode": "K0B1K0",
                  "x:Country": "CA"
                }
              },
              "x:Product": {
                "@productClass": "PP051195",
                "#text": "5205048"
              },
              "x:Quantity": {
                "@unitOfMeasure": "EA",
                "#text": "1.0"
              },
              "x:ExtendedPrice": "10.99",
              "x:FlexibleFields": {
                "x:FlexibleCodeField": {
                  "@fieldId": "8",
                  "#text": "NORTHERN WHEAT FREE BISCUIT PNUT CRUN 22"
                }
              }
            },
            {
              "@lineItemId": "aca9e5c5eb8c3c990abb019be8",
              "@lineItemNumber": "4",
              "@taxIncludedIndicator": "false",
              "x:Customer": {
                "x:CustomerCode": "d56b797f-7138-4354-91f4-dddcd775b458",
                "x:Destination": {
                  "x:StreetAddress1": "2013 Cassburn Road",
                  "x:City": "L\u00e2\u20ac\u2122Orignal",
                  "x:MainDivision": "ON",
                  "x:PostalCode": "K0B1K0",
                  "x:Country": "CA"
                }
              },
              "x:Product": {
                "@productClass": "P0000000",
                "#text": "5279109"
              },
              "x:Quantity": {
                "@unitOfMeasure": "EA",
                "#text": "1.0"
              },
              "x:ExtendedPrice": "15.99",
              "x:FlexibleFields": {
                "x:FlexibleCodeField": {
                  "@fieldId": "8",
                  "#text": "DURAFORCE CRAB SM ORANGE              86"
                }
              }
            },
            {
              "@lineItemId": "4f37d4f1de0ce9871d85796e82",
              "@lineItemNumber": "5",
              "@taxIncludedIndicator": "false",
              "x:Customer": {
                "x:CustomerCode": "d56b797f-7138-4354-91f4-dddcd775b458",
                "x:Destination": {
                  "x:StreetAddress1": "2013 Cassburn Road",
                  "x:City": "L\u00e2\u20ac\u2122Orignal",
                  "x:MainDivision": "ON",
                  "x:PostalCode": "K0B1K0",
                  "x:Country": "CA"
                }
              },
              "x:Product": {
                "@productClass": "FR020100",
                "#text": "STANDARD_SHIPPING"
              },
              "x:Quantity": {
                "@unitOfMeasure": "EA",
                "#text": "1.0"
              },
              "x:ExtendedPrice": "0.0",
              "x:FlexibleFields": {
                "x:FlexibleCodeField": {
                  "@fieldId": "8",
                  "#text": "Shipping"
                }
              }
            }
          ]
        }
      }
    }
  }
}