{
  "http://schemas.xmlsoap.org/soap/envelope/:Envelope": {
    "http://schemas.xmlsoap.org/soap/envelope/:Body": {
      "x:VertexEnvelope": {
        "x:Login": {
          "x:TrustedId": "1325134281562814"
        },
        "x:QuotationRequest": {
          "@documentNumber": "",
          "@documentDate": "2021-02-09",
          "@transactionId": "846150873977055916",
          "@transactionType": "SALE",
          "@xmlns": {
            "S": "http://schemas.xmlsoap.org/soap/envelope/",
            "": "urn:vertexinc:o-series:tps:7:0"
          },
          "x:Currency": {
            "@isoCurrencyCodeAlpha": "USD"
          },
          "x:LineItem": [
            {
              "@lineItemNumber": "1",
              "@taxDate": "2021-02-09",
              "@locationCode": "",
              "@lineItemId": "",
              "x:Seller": {
                "x:Company": "1",
                "x:Division": "AAA",
                "x:PhysicalOrigin": {
                  "@taxAreaId": "265101270"
                },
                "x:AdministrativeOrigin": {
                  "@taxAreaId": "265101270"
                }
              },
              "x:Customer": {
                "x:CustomerCode": "0000069899",
                "x:Destination": {
                  "@taxAreaId": "210090000"
                }
              },
              "x:Product": "C0500",
              "x:Quantity": "1.0",
              "x:Cost": "15.6071",
              "x:ExtendedPrice": "35.15"
            },
            {
              "@lineItemNumber": "2",
              "@taxDate": "2021-02-09",
              "@locationCode": "",
              "@lineItemId": "",
              "x:Seller": {
                "x:Company": "1",
                "x:Division": "AAA",
                "x:PhysicalOrigin": {
                  "@taxAreaId": "265101270"
                },
                "x:AdministrativeOrigin": {
                  "@taxAreaId": "265101270"
                }
              },
              "x:Customer": {
                "x:CustomerCode": "0000069899",
                "x:Destination": {
                  "@taxAreaId": "210090000"
                }
              },
              "x:Product": "P3600",
              "x:Quantity": "1.0",
              "x:Cost": "7.4777",
              "x:ExtendedPrice": "15.79"
            },
            {
              "@lineItemNumber": "3",
              "@taxDate": "2021-02-09",
              "@locationCode": "",
              "@lineItemId": "",
              "x:Seller": {
                "x:Company": "1",
                "x:Division": "AAA",
                "x:PhysicalOrigin": {
                  "@taxAreaId": "265101270"
                },
                "x:AdministrativeOrigin": {
                  "@taxAreaId": "265101270"
                }
              },
              "x:Customer": {
                "x:CustomerCode": "0000069899",
                "x:Destination": {
                  "@taxAreaId": "210090000"
                }
              },
              "x:Product": "P3600",
              "x:Quantity": "1.0",
              "x:Cost": "7.4777",
              "x:ExtendedPrice": "15.79"
            },
            {
              "@lineItemNumber": "4",
              "@taxDate": "2021-02-09",
              "@locationCode": "",
              "@lineItemId": "",
              "x:Seller": {
                "x:Company": "1",
                "x:Division": "AAA",
                "x:PhysicalOrigin": {
                  "@taxAreaId": "265101270"
                },
                "x:AdministrativeOrigin": {
                  "@taxAreaId": "265101270"
                }
              },
              "x:Customer": {
                "x:CustomerCode": "0000069899",
                "x:Destination": {
                  "@taxAreaId": "210090000"
                }
              },
              "x:Product": "P3600",
              "x:Quantity": "3.0",
              "x:Cost": "22.4331",
              "x:ExtendedPrice": "47.38"
            },
            {
              "@lineItemNumber": "5",
              "@taxDate": "2021-02-09",
              "@locationCode": "",
              "@lineItemId": "",
              "x:Seller": {
                "x:Company": "1",
                "x:Division": "AAA",
                "x:PhysicalOrigin": {
                  "@taxAreaId": "265101270"
                },
                "x:AdministrativeOrigin": {
                  "@taxAreaId": "265101270"
                }
              },
              "x:Customer": {
                "x:CustomerCode": "0000069899",
                "x:Destination": {
                  "@taxAreaId": "210090000"
                }
              },
              "x:Product": "P3600",
              "x:Quantity": "3.0",
              "x:Cost": "22.4331",
              "x:ExtendedPrice": "52.66"
            },
            {
              "@lineItemNumber": "6",
              "@taxDate": "2021-02-09",
              "@locationCode": "",
              "@lineItemId": "",
              "x:Seller": {
                "x:Company": "1",
                "x:Division": "AAA",
                "x:PhysicalOrigin": {
                  "@taxAreaId": "265101270"
                },
                "x:AdministrativeOrigin": {
                  "@taxAreaId": "265101270"
                }
              },
              "x:Customer": {
                "x:CustomerCode": "0000069899",
                "x:Destination": {
                  "@taxAreaId": "210090000"
                }
              },
              "x:Product": "P3600",
              "x:Quantity": "2.0",
              "x:Cost": "14.9554",
              "x:ExtendedPrice": "35.11"
            }
          ]
        }
      }
    }
  }
}