{
  "http://schemas.xmlsoap.org/soap/envelope/:Envelope": {
    "http://schemas.xmlsoap.org/soap/envelope/:Header": null,
    "http://schemas.xmlsoap.org/soap/envelope/:Body": {
      "x:VertexEnvelope": {
        "x:Login": {
          "x:TrustedId": "0179501699931581"
        },
        "x:QuotationRequest": {
          "@documentDate": "2021-02-09-05:00",
          "@documentNumber": "US80093820",
          "@transactionType": "SALE",
          "@xmlns": {
            "S": "http://schemas.xmlsoap.org/soap/envelope/",
            "SOAP-ENV": "http://schemas.xmlsoap.org/soap/envelope/",
            "": "urn:vertexinc:o-series:tps:7:0"
          },
          "x:Currency": {
            "@isoCurrencyCodeAlpha": "USD"
          },
          "x:Seller": {
            "x:Company": "52-1237423",
            "x:PhysicalOrigin": {
              "x:StreetAddress1": "Sunrise Ave",
              "x:StreetAddress2": "601",
              "x:City": "Ridgely",
              "x:MainDivision": "Maryland",
              "x:PostalCode": "21660",
              "x:Country": "United States"
            }
          },
          "x:Customer": {
            "x:CustomerCode": "120001698254",
            "x:Destination": {
              "x:StreetAddress1": "11917 Granite Bay Pl",
              "x:StreetAddress2": null,
              "x:City": "Austin",
              "x:MainDivision": "Texas",
              "x:PostalCode": "78732-2418",
              "x:Country": "United States"
            }
          },
          "x:LineItem": [
            {
              "@lineItemNumber": "1",
              "x:Product": "77900",
              "x:Quantity": "1",
              "x:ExtendedPrice": "17.96",
              "x:Discount": {
                "x:DiscountAmount": "3.49"
              }
            },
            {
              "@lineItemNumber": "2",
              "x:Product": "78100",
              "x:Quantity": "2",
              "x:ExtendedPrice": "35.93",
              "x:Discount": {
                "x:DiscountAmount": "6.97"
              }
            },
            {
              "@lineItemNumber": "3",
              "x:Product": "77800",
              "x:Quantity": "1",
              "x:ExtendedPrice": "17.97",
              "x:Discount": {
                "x:DiscountAmount": "3.48"
              }
            },
            {
              "@lineItemNumber": "4",
              "x:Product": "77975",
              "x:Quantity": "1",
              "x:ExtendedPrice": "17.96",
              "x:Discount": {
                "x:DiscountAmount": "3.49"
              }
            },
            {
              "@lineItemNumber": "5",
              "x:Product": "77985",
              "x:Quantity": "1",
              "x:ExtendedPrice": "17.97",
              "x:Discount": {
                "x:DiscountAmount": "3.48"
              }
            },
            {
              "@lineItemNumber": "6",
              "x:Product": "77840",
              "x:Quantity": "1",
              "x:ExtendedPrice": "17.96",
              "x:Discount": {
                "x:DiscountAmount": "3.49"
              }
            },
            {
              "@lineItemNumber": "7",
              "x:Product": "78015",
              "x:Quantity": "1",
              "x:ExtendedPrice": "17.97",
              "x:Discount": {
                "x:DiscountAmount": "3.48"
              }
            },
            {
              "@lineItemNumber": "8",
              "x:Product": "77861",
              "x:Quantity": "1",
              "x:ExtendedPrice": "17.96",
              "x:Discount": {
                "x:DiscountAmount": "3.49"
              }
            },
            {
              "@lineItemNumber": "9",
              "x:Product": "53550",
              "x:Quantity": "1",
              "x:ExtendedPrice": "19.64",
              "x:Discount": {
                "x:DiscountAmount": "3.81"
              }
            },
            {
              "@lineItemNumber": "10",
              "x:Product": "63000",
              "x:ExtendedPrice": "23.36"
            }
          ]
        }
      }
    }
  }
}