{
  "http://schemas.xmlsoap.org/soap/envelope/:Envelope": {
    "http://schemas.xmlsoap.org/soap/envelope/:Header": null,
    "http://schemas.xmlsoap.org/soap/envelope/:Body": {
      "x:VertexEnvelope": {
        "x:Login": {
          "x:TrustedId": "1235769293676012"
        },
        "x:QuotationRequest": {
          "@documentDate": "2021-02-09",
          "@documentNumber": "DWC-QUOTE",
          "@transactionType": "SALE",
          "@xmlns": {
            "SOAP-ENV": "http://schemas.xmlsoap.org/soap/envelope/",
            "ns2": "urn:vertexinc:o-series:tps:7:0"
          },
          "x:Currency": {
            "@isoCurrencyCodeAlpha": "USD"
          },
          "x:Seller": {
            "x:Company": "1000",
            "x:PhysicalOrigin": {
              "x:StreetAddress1": "19601 N. 27th Ave",
              "x:City": "Phoenix",
              "x:MainDivision": "AZ",
              "x:PostalCode": "85027",
              "x:Country": "US"
            },
            "x:AdministrativeOrigin": {
              "x:StreetAddress1": "19601 N. 27th Ave",
              "x:City": "Phoenix",
              "x:MainDivision": "AZ",
              "x:PostalCode": "85027",
              "x:Country": "US"
            }
          },
          "x:LineItem": [
            {
              "@lineItemId": "f08d03b7b097458b4f365af715",
              "@lineItemNumber": "1",
              "@taxIncludedIndicator": "false",
              "x:Customer": {
                "x:CustomerCode": null,
                "x:Destination": {
                  "x:StreetAddress1": "7009 Fields Ertel Rd.",
                  "x:City": "Cincinnati",
                  "x:MainDivision": "OH",
                  "x:PostalCode": "45241",
                  "x:Country": "US"
                }
              },
              "x:Product": {
                "@productClass": "P0000000",
                "#text": "5063535"
              },
              "x:Quantity": {
                "@unitOfMeasure": "EA",
                "#text": "1.0"
              },
              "x:ExtendedPrice": "34.95",
              "x:FlexibleFields": {
                "x:FlexibleCodeField": {
                  "@fieldId": "8",
                  "#text": "VITTLE VAULT STACKABLE 40#            23"
                }
              }
            },
            {
              "@lineItemId": "510312285485b590dfa1e19693",
              "@lineItemNumber": "2",
              "@taxIncludedIndicator": "false",
              "x:Customer": {
                "x:CustomerCode": null,
                "x:Destination": {
                  "x:StreetAddress1": "7009 Fields Ertel Rd.",
                  "x:City": "Cincinnati",
                  "x:MainDivision": "OH",
                  "x:PostalCode": "45241",
                  "x:Country": "US"
                }
              },
              "x:Product": {
                "@productClass": "FR020100",
                "#text": "STANDARD_SHIPPING"
              },
              "x:Quantity": {
                "@unitOfMeasure": "EA",
                "#text": "1.0"
              },
              "x:ExtendedPrice": "4.95",
              "x:FlexibleFields": {
                "x:FlexibleCodeField": {
                  "@fieldId": "8",
                  "#text": "Shipping"
                }
              }
            }
          ]
        }
      }
    }
  }
}