{
  "http://schemas.xmlsoap.org/soap/envelope/:Envelope": {
    "http://schemas.xmlsoap.org/soap/envelope/:Header": null,
    "http://schemas.xmlsoap.org/soap/envelope/:Body": {
      "x:VertexEnvelope": {
        "x:Login": {
          "x:TrustedId": "8154485741318828"
        },
        "x:QuotationRequest": {
          "@documentNumber": "80081533",
          "@postingDate": "2021-02-09",
          "@documentDate": "2021-02-09",
          "@transactionId": "001-80081533-001-LM-2",
          "@transactionType": "SALE",
          "@xmlns": {
            "soapenv": "http://schemas.xmlsoap.org/soap/envelope/",
            "urn": "urn:vertexinc:o-series:tps:7:0"
          },
          "x:Seller": {
            "x:Company": "100",
            "x:AdministrativeOrigin": {
              "@taxAreaId": "350170050"
            }
          },
          "x:Customer": {
            "x:CustomerCode": "23930124",
            "x:Destination": {
              "@taxAreaId": "480330004"
            }
          },
          "x:LineItem": {
            "@lineItemNumber": "1",
            "x:Product": {
              "@productClass": "HEALTHS002",
              "#text": "SLR452"
            },
            "x:Quantity": "2",
            "x:UnitPrice": "26.99",
            "x:ExtendedPrice": "53.98"
          }
        }
      }
    }
  }
}