{
  "http://schemas.xmlsoap.org/soap/envelope/:Envelope": {
    "http://schemas.xmlsoap.org/soap/envelope/:Header": null,
    "http://schemas.xmlsoap.org/soap/envelope/:Body": {
      "x:VertexEnvelope": {
        "x:Login": {
          "x:TrustedId": "7592673839450456"
        },
        "x:QuotationRequest": {
          "@documentDate": "2021-02-09",
          "@documentNumber": "92178b26-2dc2-4419-a6b5-6429586b2f2c",
          "@transactionType": "SALE",
          "@xmlns": {
            "SOAP-ENV": "http://schemas.xmlsoap.org/soap/envelope/",
            "ns2": "urn:vertexinc:o-series:tps:7:0"
          },
          "x:Seller": {
            "x:Company": "SGIIUS"
          },
          "x:LineItem": [
            {
              "@lineItemNumber": "1",
              "x:Seller": null,
              "x:Customer": {
                "x:CustomerCode": "CustomerId_625121760",
                "x:Destination": {
                  "x:StreetAddress1": "7017 Sandy Trail",
                  "x:City": "Erie",
                  "x:MainDivision": "PA",
                  "x:PostalCode": "16510",
                  "x:Country": "US"
                }
              },
              "x:Product": "KTMS",
              "x:Quantity": "1.0",
              "x:UnitPrice": "0.0",
              "x:ExtendedPrice": "10.0",
              "x:FlexibleFields": {
                "x:FlexibleCodeField": [
                  {
                    "@fieldId": "1",
                    "#text": "Services"
                  },
                  {
                    "@fieldId": "3"
                  }
                ]
              }
            },
            {
              "@lineItemNumber": "2",
              "x:Seller": null,
              "x:Customer": {
                "x:CustomerCode": "CustomerId_625121760",
                "x:Destination": {
                  "x:StreetAddress1": "7017 Sandy Trail",
                  "x:City": "Erie",
                  "x:MainDivision": "PA",
                  "x:PostalCode": "16510",
                  "x:Country": "US"
                }
              },
              "x:Product": "9129",
              "x:Quantity": "1.0",
              "x:UnitPrice": "0.0",
              "x:ExtendedPrice": "36.0",
              "x:FlexibleFields": {
                "x:FlexibleCodeField": [
                  {
                    "@fieldId": "1",
                    "#text": "Finished Goods"
                  },
                  {
                    "@fieldId": "3"
                  }
                ]
              }
            },
            {
              "@lineItemNumber": "3",
              "x:Seller": null,
              "x:Customer": {
                "x:CustomerCode": "CustomerId_625121760",
                "x:Destination": {
                  "x:StreetAddress1": "7017 Sandy Trail",
                  "x:City": "Erie",
                  "x:MainDivision": "PA",
                  "x:PostalCode": "16510",
                  "x:Country": "US"
                }
              },
              "x:Product": "1510A",
              "x:Quantity": "1.0",
              "x:UnitPrice": "0.0",
              "x:ExtendedPrice": "18.0",
              "x:FlexibleFields": {
                "x:FlexibleCodeField": [
                  {
                    "@fieldId": "1",
                    "#text": "Finished Goods"
                  },
                  {
                    "@fieldId": "3"
                  }
                ]
              }
            },
            {
              "@lineItemNumber": "4",
              "x:Seller": null,
              "x:Customer": {
                "x:CustomerCode": "CustomerId_625121760",
                "x:Destination": {
                  "x:StreetAddress1": "7017 Sandy Trail",
                  "x:City": "Erie",
                  "x:MainDivision": "PA",
                  "x:PostalCode": "16510",
                  "x:Country": "US"
                }
              },
              "x:Product": "9128",
              "x:Quantity": "1.0",
              "x:UnitPrice": "0.0",
              "x:ExtendedPrice": "36.0",
              "x:FlexibleFields": {
                "x:FlexibleCodeField": [
                  {
                    "@fieldId": "1",
                    "#text": "Finished Goods"
                  },
                  {
                    "@fieldId": "3"
                  }
                ]
              }
            },
            {
              "@lineItemNumber": "5",
              "x:Seller": null,
              "x:Customer": {
                "x:CustomerCode": "CustomerId_625121760",
                "x:Destination": {
                  "x:StreetAddress1": "7017 Sandy Trail",
                  "x:City": "Erie",
                  "x:MainDivision": "PA",
                  "x:PostalCode": "16510",
                  "x:Country": "US"
                }
              },
              "x:Product": "3167B",
              "x:Quantity": "1.0",
              "x:UnitPrice": "0.0",
              "x:ExtendedPrice": "0.0",
              "x:FlexibleFields": {
                "x:FlexibleCodeField": [
                  {
                    "@fieldId": "1",
                    "#text": "Finished Goods"
                  },
                  {
                    "@fieldId": "2",
                    "#text": "Promotion"
                  },
                  {
                    "@fieldId": "3"
                  }
                ]
              }
            },
            {
              "@lineItemNumber": "6",
              "x:Seller": null,
              "x:Customer": {
                "x:CustomerCode": "CustomerId_625121760",
                "x:Destination": {
                  "x:StreetAddress1": "7017 Sandy Trail",
                  "x:City": "Erie",
                  "x:MainDivision": "PA",
                  "x:PostalCode": "16510",
                  "x:Country": "US"
                }
              },
              "x:Product": "SHIPPING",
              "x:Quantity": "1.0",
              "x:UnitPrice": "0.0",
              "x:ExtendedPrice": "0.0",
              "x:FlexibleFields": {
                "x:FlexibleCodeField": [
                  {
                    "@fieldId": "1",
                    "#text": "Services"
                  },
                  {
                    "@fieldId": "3",
                    "#text": "SHIPPING"
                  }
                ]
              }
            },
            {
              "@lineItemNumber": "7",
              "x:Seller": null,
              "x:Customer": {
                "x:CustomerCode": "CustomerId_625121760",
                "x:Destination": {
                  "x:StreetAddress1": "7017 Sandy Trail",
                  "x:City": "Erie",
                  "x:MainDivision": "PA",
                  "x:PostalCode": "16510",
                  "x:Country": "US"
                }
              },
              "x:Product": "HANDLING",
              "x:Quantity": "1.0",
              "x:UnitPrice": "0.0",
              "x:ExtendedPrice": "0.0",
              "x:FlexibleFields": {
                "x:FlexibleCodeField": [
                  {
                    "@fieldId": "1",
                    "#text": "Services"
                  },
                  {
                    "@fieldId": "3",
                    "#text": "HANDLING"
                  }
                ]
              }
            }
          ]
        }
      }
    }
  }
}