{
  "http://schemas.xmlsoap.org/soap/envelope/:Envelope": {
    "http://schemas.xmlsoap.org/soap/envelope/:Header": null,
    "http://schemas.xmlsoap.org/soap/envelope/:Body": {
      "urn:vertexinc:o-series:tps:6:0:VertexEnvelope": {
        "Login": {
          "TrustedId": "2887267389996541"
        },
        "QuotationRequest": {
          "@documentNumber": "PND10999993",
          "@documentDate": "2021-02-09T17:16:56+00:00",
          "@postingDate": "2021-02-09",
          "@transactionType": "SALE",
          "@xmlns": {
            "SOAP-ENV": "http://schemas.xmlsoap.org/soap/envelope/",
            "vtx": "urn:vertexinc:o-series:tps:6:0"
          },
          "Currency": {
            "@isoCurrencyCodeAlpha": "USD",
            "@isoCurrencyName": "USD"
          },
          "Seller": {
            "Company": "USE",
            "AdministrativeOrigin": {
              "StreetAddress1": "250 W Pratt St",
              "City": "Baltimore",
              "MainDivision": "MD",
              "PostalCode": "21201",
              "Country": "US"
            }
          },
          "Customer": {
            "CustomerCode": "095b8317-4524-4715-9b12-0fb8a62d8542",
            "Destination": {
              "StreetAddress1": "6229 Julian Ave",
              "StreetAddress2": null,
              "City": "St. Louis",
              "MainDivision": "MO",
              "PostalCode": "63133",
              "Country": "US"
            }
          },
          "LineItem": [
            {
              "@lineItemId": "SHIPPING202102091724011198446358",
              "@lineItemNumber": "0",
              "Product": {
                "@productClass": "SHIP"
              },
              "ExtendedPrice": "0.0",
              "Seller": {
                "PhysicalOrigin": {
                  "StreetAddress1": "9250 N Royal Lane",
                  "StreetAddress2": null,
                  "City": "Irving",
                  "MainDivision": "TX",
                  "PostalCode": "75063",
                  "Country": "US"
                }
              }
            },
            {
              "@lineItemId": "202102091724011198446363",
              "@lineItemNumber": "1",
              "Product": {
                "@productClass": "",
                "#text": "399110C01-45"
              },
              "Quantity": {
                "@unitOfMeasure": "EA",
                "#text": "1.00"
              },
              "ExtendedPrice": "90.0",
              "Customer": {
                "Destination": {
                  "StreetAddress1": "6229 Julian Ave",
                  "StreetAddress2": null,
                  "City": "St. Louis",
                  "MainDivision": "MO",
                  "PostalCode": "63133",
                  "Country": "US"
                }
              },
              "Seller": {
                "PhysicalOrigin": {
                  "StreetAddress1": "9250 N Royal Lane",
                  "StreetAddress2": null,
                  "City": "Irving",
                  "MainDivision": "TX",
                  "PostalCode": "75063",
                  "Country": "US"
                }
              }
            }
          ]
        },
        "ApplicationData": {
          "Sender": "OMS"
        }
      }
    }
  }
}