{
  "http://schemas.xmlsoap.org/soap/envelope/:Envelope": {
    "http://schemas.xmlsoap.org/soap/envelope/:Body": {
      "x:VertexEnvelope": {
        "x:Login": {
          "x:UserName": "6819430458011196",
          "x:Password": "6819430458011196"
        },
        "x:QuotationRequest": {
          "@documentNumber": "EC301678741",
          "@returnAssistedParametersIndicator": "true",
          "@documentDate": "2021-02-09Z",
          "@transactionType": "SALE",
          "@xmlns": {
            "ns2": "http://schemas.xmlsoap.org/soap/envelope/",
            "ns3": "urn:vertexinc:o-series:tps:7:0"
          },
          "x:Seller": {
            "x:Company": "2",
            "x:PhysicalOrigin": {
              "@http://www.w3.org/2001/XMLSchema-instance:type": "ns3:TaxingJurisdictionLocationType",
              "@taxAreaId": "475500155",
              "@externalJurisdictionCode": "APO",
              "@xmlns": {
                "xsi": "http://www.w3.org/2001/XMLSchema-instance"
              },
              "x:City": "Chesapeake",
              "x:MainDivision": "VA1",
              "x:SubDivision": "Chesapeake City",
              "x:PostalCode": "23320",
              "x:Country": "Chesapeake City"
            }
          },
          "x:LineItem": [
            {
              "@lineItemNumber": "1",
              "@taxDate": "2021-02-09Z",
              "@isMulticomponent": "false",
              "@vendorSKU": "305127",
              "@lineItemId": "sg356234848|ci1204830972|FC",
              "x:Seller": {
                "x:Company": "2",
                "x:PhysicalOrigin": {
                  "@http://www.w3.org/2001/XMLSchema-instance:type": "ns3:TaxingJurisdictionLocationType",
                  "@taxAreaId": "390370300",
                  "@xmlns": {
                    "xsi": "http://www.w3.org/2001/XMLSchema-instance"
                  },
                  "x:City": "Berwick",
                  "x:MainDivision": "PA",
                  "x:PostalCode": "18603",
                  "x:Country": "US"
                }
              },
              "x:Customer": {
                "x:CustomerCode": {
                  "@isBusinessIndicator": "true"
                },
                "x:Destination": {
                  "@http://www.w3.org/2001/XMLSchema-instance:type": "ns3:TaxingJurisdictionLocationType",
                  "@taxAreaId": "210310000",
                  "@externalJurisdictionCode": "APO",
                  "@xmlns": {
                    "xsi": "http://www.w3.org/2001/XMLSchema-instance"
                  },
                  "x:City": "Rockville",
                  "x:MainDivision": "MD",
                  "x:PostalCode": "20852-4028",
                  "x:Country": "US"
                }
              },
              "x:Product": {
                "@productClass": "120000",
                "#text": "305127"
              },
              "x:Quantity": {
                "@unitOfMeasure": "EA",
                "#text": "1008"
              },
              "x:UnitPrice": "1",
              "x:ExtendedPrice": "1008.00"
            },
            {
              "@lineItemNumber": "2",
              "@taxDate": "2021-02-09Z",
              "@isMulticomponent": "false",
              "@vendorSKU": "284127",
              "@lineItemId": "sg356234848|ci1204830973|FC",
              "x:Seller": {
                "x:Company": "2",
                "x:PhysicalOrigin": {
                  "@http://www.w3.org/2001/XMLSchema-instance:type": "ns3:TaxingJurisdictionLocationType",
                  "@taxAreaId": "390370300",
                  "@xmlns": {
                    "xsi": "http://www.w3.org/2001/XMLSchema-instance"
                  },
                  "x:City": "Berwick",
                  "x:MainDivision": "PA",
                  "x:PostalCode": "18603",
                  "x:Country": "US"
                }
              },
              "x:Customer": {
                "x:CustomerCode": {
                  "@isBusinessIndicator": "true"
                },
                "x:Destination": {
                  "@http://www.w3.org/2001/XMLSchema-instance:type": "ns3:TaxingJurisdictionLocationType",
                  "@taxAreaId": "210310000",
                  "@externalJurisdictionCode": "APO",
                  "@xmlns": {
                    "xsi": "http://www.w3.org/2001/XMLSchema-instance"
                  },
                  "x:City": "Rockville",
                  "x:MainDivision": "MD",
                  "x:PostalCode": "20852-4028",
                  "x:Country": "US"
                }
              },
              "x:Product": {
                "@productClass": "100000",
                "#text": "284127"
              },
              "x:Quantity": {
                "@unitOfMeasure": "EA",
                "#text": "504"
              },
              "x:UnitPrice": "1",
              "x:ExtendedPrice": "504.00"
            },
            {
              "@lineItemNumber": "3",
              "@taxDate": "2021-02-09Z",
              "@isMulticomponent": "false",
              "@vendorSKU": "242191",
              "@lineItemId": "sg356234848|ci1204830974|FC",
              "x:Seller": {
                "x:Company": "2",
                "x:PhysicalOrigin": {
                  "@http://www.w3.org/2001/XMLSchema-instance:type": "ns3:TaxingJurisdictionLocationType",
                  "@taxAreaId": "390370300",
                  "@xmlns": {
                    "xsi": "http://www.w3.org/2001/XMLSchema-instance"
                  },
                  "x:City": "Berwick",
                  "x:MainDivision": "PA",
                  "x:PostalCode": "18603",
                  "x:Country": "US"
                }
              },
              "x:Customer": {
                "x:CustomerCode": {
                  "@isBusinessIndicator": "true"
                },
                "x:Destination": {
                  "@http://www.w3.org/2001/XMLSchema-instance:type": "ns3:TaxingJurisdictionLocationType",
                  "@taxAreaId": "210310000",
                  "@externalJurisdictionCode": "APO",
                  "@xmlns": {
                    "xsi": "http://www.w3.org/2001/XMLSchema-instance"
                  },
                  "x:City": "Rockville",
                  "x:MainDivision": "MD",
                  "x:PostalCode": "20852-4028",
                  "x:Country": "US"
                }
              },
              "x:Product": {
                "@productClass": "100000",
                "#text": "242191"
              },
              "x:Quantity": {
                "@unitOfMeasure": "EA",
                "#text": "504"
              },
              "x:UnitPrice": "1",
              "x:ExtendedPrice": "504.00"
            }
          ]
        }
      }
    }
  }
}