{
  "http://schemas.xmlsoap.org/soap/envelope/:Envelope": {
    "http://schemas.xmlsoap.org/soap/envelope/:Header": null,
    "http://schemas.xmlsoap.org/soap/envelope/:Body": {
      "x:VertexEnvelope": {
        "x:Login": {
          "x:TrustedId": "9059229210731175"
        },
        "x:QuotationRequest": {
          "@deliveryTerm": "SUP",
          "@documentDate": "2021-02-09",
          "@transactionType": "SALE",
          "@xmlns": {
            "SOAP-ENV": "http://schemas.xmlsoap.org/soap/envelope/",
            "ns2": "urn:vertexinc:o-series:tps:7:0"
          },
          "x:Seller": {
            "x:Company": "GSN",
            "x:PhysicalOrigin": {
              "@taxAreaId": "220250100"
            }
          },
          "x:LineItem": {
            "@lineItemNumber": "1",
            "x:Customer": {
              "x:CustomerCode": {
                "@classCode": "casino",
                "#text": "5e82d14c96aab41fc0f3d6e3"
              },
              "x:Destination": {
                "x:StreetAddress1": "Springdale garage",
                "x:StreetAddress2": "56 Little Bay Rd.",
                "x:City": "Springdale",
                "x:MainDivision": "NL",
                "x:PostalCode": "A0J 1T0",
                "x:Country": "CA"
              }
            },
            "x:Product": {
              "@productClass": "Default",
              "#text": "6022c4e2bee1e229e50ca8df"
            },
            "x:Quantity": "1.0",
            "x:UnitPrice": "9.99"
          }
        }
      }
    }
  }
}