{
  "http://schemas.xmlsoap.org/soap/envelope/:Envelope": {
    "http://schemas.xmlsoap.org/soap/envelope/:Header": null,
    "http://schemas.xmlsoap.org/soap/envelope/:Body": {
      "x:VertexEnvelope": {
        "x:Login": {
          "x:TrustedId": "3554784910394893"
        },
        "x:QuotationRequest": {
          "@documentNumber": "10400897300",
          "@documentDate": "2021-02-09",
          "@transactionId": "952154",
          "@transactionType": "SALE",
          "@xmlns": {
            "soapenv": "http://schemas.xmlsoap.org/soap/envelope/",
            "": "urn:vertexinc:o-series:tps:7:0"
          },
          "x:Currency": {
            "@isoCurrencyCodeAlpha": "USD"
          },
          "x:Customer": {
            "x:CustomerCode": {
              "@classCode": "TAX",
              "#text": "11452392"
            },
            "x:Destination": {
              "x:StreetAddress1": "111 E JEFFERSON ST",
              "x:StreetAddress2": null,
              "x:City": "BUCKNER",
              "x:MainDivision": "MO",
              "x:PostalCode": "640169714",
              "x:Country": "US"
            }
          },
          "x:LineItem": [
            {
              "@lineItemNumber": "1",
              "@locationCode": "C",
              "x:Seller": {
                "x:Company": "GA01",
                "x:PhysicalOrigin": {
                  "x:StreetAddress1": "4424 DIXIE HWY",
                  "x:StreetAddress2": null,
                  "x:City": "FAIRFIELD",
                  "x:MainDivision": "OH",
                  "x:PostalCode": "45014",
                  "x:Country": "US"
                }
              },
              "x:Product": {
                "@productClass": "PLNTSNONFOOD",
                "#text": "75028"
              },
              "x:Quantity": "2",
              "x:UnitPrice": "5.000",
              "x:ExtendedPrice": "10.00"
            },
            {
              "@lineItemNumber": "2",
              "@locationCode": "C",
              "x:Seller": {
                "x:Company": "GA01",
                "x:PhysicalOrigin": {
                  "x:StreetAddress1": "4424 DIXIE HWY",
                  "x:StreetAddress2": null,
                  "x:City": "FAIRFIELD",
                  "x:MainDivision": "OH",
                  "x:PostalCode": "45014",
                  "x:Country": "US"
                }
              },
              "x:Product": {
                "@productClass": "LAWNGARDEN",
                "#text": "64311"
              },
              "x:Quantity": "1",
              "x:UnitPrice": "24.990",
              "x:ExtendedPrice": "24.99"
            },
            {
              "@lineItemNumber": "3",
              "@locationCode": "T",
              "x:Seller": {
                "x:Company": "GA01",
                "x:PhysicalOrigin": {
                  "x:StreetAddress1": "110 WEST ELM ST",
                  "x:StreetAddress2": null,
                  "x:City": "TIPP CITY",
                  "x:MainDivision": "OH",
                  "x:PostalCode": "45371",
                  "x:Country": "US"
                }
              },
              "x:Product": {
                "@productClass": "PLNTSNONFOOD",
                "#text": "74147"
              },
              "x:Quantity": "1",
              "x:UnitPrice": "19.990",
              "x:ExtendedPrice": "19.99"
            },
            {
              "@lineItemNumber": "4",
              "@locationCode": "T",
              "x:Seller": {
                "x:Company": "GA01",
                "x:PhysicalOrigin": {
                  "x:StreetAddress1": "110 WEST ELM ST",
                  "x:StreetAddress2": null,
                  "x:City": "TIPP CITY",
                  "x:MainDivision": "OH",
                  "x:PostalCode": "45371",
                  "x:Country": "US"
                }
              },
              "x:Product": {
                "@productClass": "SHIPPING",
                "#text": "FREIGHT"
              },
              "x:Quantity": "1",
              "x:UnitPrice": "12.95",
              "x:ExtendedPrice": "12.95"
            }
          ]
        }
      }
    }
  }
}