{
  "http://schemas.xmlsoap.org/soap/envelope/:Envelope": {
    "http://schemas.xmlsoap.org/soap/envelope/:Header": null,
    "http://schemas.xmlsoap.org/soap/envelope/:Body": {
      "x:VertexEnvelope": {
        "x:Login": {
          "x:TrustedId": "0179501699931581"
        },
        "x:QuotationRequest": {
          "@documentDate": "2021-02-09-05:00",
          "@documentNumber": "US80097732",
          "@transactionType": "SALE",
          "@xmlns": {
            "S": "http://schemas.xmlsoap.org/soap/envelope/",
            "SOAP-ENV": "http://schemas.xmlsoap.org/soap/envelope/",
            "": "urn:vertexinc:o-series:tps:7:0"
          },
          "x:Currency": {
            "@isoCurrencyCodeAlpha": "USD"
          },
          "x:Seller": {
            "x:Company": "52-1237423",
            "x:PhysicalOrigin": {
              "x:StreetAddress1": "Sunrise Ave",
              "x:StreetAddress2": "601",
              "x:City": "Ridgely",
              "x:MainDivision": "Maryland",
              "x:PostalCode": "21660",
              "x:Country": "United States"
            }
          },
          "x:Customer": {
            "x:CustomerCode": "120001128999",
            "x:Destination": {
              "x:StreetAddress1": "8605 NE 244th St",
              "x:StreetAddress2": null,
              "x:City": "Battle Ground",
              "x:MainDivision": "Washington",
              "x:PostalCode": "98604-9516",
              "x:Country": "United States"
            }
          },
          "x:LineItem": [
            {
              "@lineItemNumber": "1",
              "x:Product": "65405",
              "x:Quantity": "2",
              "x:ExtendedPrice": "37.90",
              "x:Discount": {
                "x:DiscountAmount": "2.00"
              }
            },
            {
              "@lineItemNumber": "2",
              "x:Product": "77910",
              "x:Quantity": "2",
              "x:ExtendedPrice": "40.76",
              "x:Discount": {
                "x:DiscountAmount": "2.14"
              }
            },
            {
              "@lineItemNumber": "3",
              "x:Product": "77795",
              "x:Quantity": "2",
              "x:ExtendedPrice": "40.75",
              "x:Discount": {
                "x:DiscountAmount": "2.15"
              }
            },
            {
              "@lineItemNumber": "4",
              "x:Product": "77975",
              "x:Quantity": "1",
              "x:ExtendedPrice": "20.38",
              "x:Discount": {
                "x:DiscountAmount": "1.07"
              }
            },
            {
              "@lineItemNumber": "5",
              "x:Product": "77835",
              "x:Quantity": "1",
              "x:ExtendedPrice": "20.38",
              "x:Discount": {
                "x:DiscountAmount": "1.07"
              }
            },
            {
              "@lineItemNumber": "6",
              "x:Product": "63000",
              "x:ExtendedPrice": "5.00"
            }
          ]
        }
      }
    }
  }
}