{
  "http://schemas.xmlsoap.org/soap/envelope/:Envelope": {
    "http://schemas.xmlsoap.org/soap/envelope/:Header": null,
    "http://schemas.xmlsoap.org/soap/envelope/:Body": {
      "x:VertexEnvelope": {
        "x:Login": {
          "x:TrustedId": "4250086759642660"
        },
        "x:QuotationRequest": {
          "@transactionType": "SALE",
          "@documentDate": "2021-02-09",
          "@documentNumber": "1998293-0",
          "@xmlns": {
            "soapenv": "http://schemas.xmlsoap.org/soap/envelope/",
            "": "urn:vertexinc:o-series:tps:7:0"
          },
          "x:Seller": {
            "x:Company": "Co_2_Prod",
            "x:PhysicalOrigin": {
              "x:StreetAddress1": "ALBERT KEMPERLE OF FLORIDA LLC",
              "x:StreetAddress2": "810 SWIFT STREET",
              "x:City": "DAYTONA BEACH",
              "x:MainDivision": "FL",
              "x:PostalCode": "32114",
              "x:Country": "USA"
            },
            "x:AdministrativeOrigin": {
              "x:StreetAddress1": "ALBERT KEMPERLE OF FLORIDA LLC",
              "x:StreetAddress2": "810 SWIFT STREET",
              "x:City": "DAYTONA BEACH",
              "x:MainDivision": "FL",
              "x:PostalCode": "32114",
              "x:Country": "USA"
            }
          },
          "x:Customer": {
            "x:CustomerCode": {
              "@classCode": "00",
              "#text": "00DCC01"
            },
            "x:Destination": {
              "x:StreetAddress1": null,
              "x:StreetAddress2": "115 E PARKDALE AVE",
              "x:City": "DELAND",
              "x:MainDivision": "FL",
              "x:PostalCode": "32724-2350",
              "x:Country": "USA"
            }
          },
          "x:LineItem": {
            "@lineItemNumber": "1",
            "@locationCode": "52",
            "x:Product": {
              "@productClass": "AEROPAINT",
              "#text": "SEM62233"
            },
            "x:Quantity": "2.00",
            "x:UnitPrice": "15.3520",
            "x:ExtendedPrice": "30.7000",
            "x:FlexibleFields": {
              "x:FlexibleCodeField": [
                {
                  "@fieldId": "3",
                  "#text": "SEM62233"
                },
                {
                  "@fieldId": "4",
                  "#text": "SPRAY EZ COAT LIGHT GREEN"
                },
                {
                  "@fieldId": "5",
                  "#text": "DELAND COLLISION CENTER"
                },
                {
                  "@fieldId": "6"
                },
                {
                  "@fieldId": "7",
                  "#text": "P"
                }
              ]
            }
          }
        }
      }
    }
  }
}