{
  "http://schemas.xmlsoap.org/soap/envelope/:Envelope": {
    "http://schemas.xmlsoap.org/soap/envelope/:Body": {
      "urn:vertexinc:o-series:tps:8:0:VertexEnvelope": {
        "urn:vertexinc:o-series:tps:8:0:Login": {
          "urn:vertexinc:o-series:tps:8:0:TrustedId": "4603447720999680"
        },
        "urn:vertexinc:o-series:tps:8:0:QuotationRequest": {
          "@transactionType": "SALE",
          "@documentDate": "2021-02-09",
          "@returnAssistedParametersIndicator": "true",
          "@documentNumber": "",
          "@returnGeneratedLineItemsIndicator": "true",
          "@xmlns": {
            "s": "http://schemas.xmlsoap.org/soap/envelope/",
            "xsi": "http://www.w3.org/2001/XMLSchema-instance",
            "xsd": "http://www.w3.org/2001/XMLSchema",
            "": "urn:vertexinc:o-series:tps:8:0"
          },
          "urn:vertexinc:o-series:tps:8:0:Seller": {
            "urn:vertexinc:o-series:tps:8:0:Company": "SP",
            "urn:vertexinc:o-series:tps:8:0:PhysicalOrigin": {
              "urn:vertexinc:o-series:tps:8:0:StreetAddress1": "1200 West Royal Lee Dr",
              "urn:vertexinc:o-series:tps:8:0:City": "Palmyra",
              "urn:vertexinc:o-series:tps:8:0:MainDivision": "WI",
              "urn:vertexinc:o-series:tps:8:0:SubDivision": "Jefferson",
              "urn:vertexinc:o-series:tps:8:0:PostalCode": "53156-0904",
              "urn:vertexinc:o-series:tps:8:0:Country": "US"
            },
            "urn:vertexinc:o-series:tps:8:0:AdministrativeOrigin": {
              "urn:vertexinc:o-series:tps:8:0:StreetAddress1": "1200 West Royal Lee Dr",
              "urn:vertexinc:o-series:tps:8:0:City": "Palmyra",
              "urn:vertexinc:o-series:tps:8:0:MainDivision": "WI",
              "urn:vertexinc:o-series:tps:8:0:SubDivision": "Jefferson",
              "urn:vertexinc:o-series:tps:8:0:PostalCode": "53156-0904",
              "urn:vertexinc:o-series:tps:8:0:Country": "US"
            }
          },
          "urn:vertexinc:o-series:tps:8:0:Customer": {
            "urn:vertexinc:o-series:tps:8:0:CustomerCode": {
              "@classCode": "10",
              "#text": "7039136"
            },
            "urn:vertexinc:o-series:tps:8:0:Destination": {
              "urn:vertexinc:o-series:tps:8:0:StreetAddress1": "12924 Wild Prairie Close",
              "urn:vertexinc:o-series:tps:8:0:City": "Belvidere",
              "urn:vertexinc:o-series:tps:8:0:MainDivision": "IL",
              "urn:vertexinc:o-series:tps:8:0:SubDivision": "BOONE",
              "urn:vertexinc:o-series:tps:8:0:PostalCode": "61008",
              "urn:vertexinc:o-series:tps:8:0:Country": "US"
            }
          },
          "urn:vertexinc:o-series:tps:8:0:LineItem": [
            {
              "urn:vertexinc:o-series:tps:8:0:Product": {
                "@productClass": "MH",
                "#text": "M1448"
              },
              "urn:vertexinc:o-series:tps:8:0:Quantity": "2",
              "urn:vertexinc:o-series:tps:8:0:ExtendedPrice": "36.50",
              "urn:vertexinc:o-series:tps:8:0:FlexibleFields": {
                "urn:vertexinc:o-series:tps:8:0:FlexibleCodeField": [
                  "SPIINT1",
                  "StandardProcess.Integration.API"
                ]
              }
            },
            {
              "urn:vertexinc:o-series:tps:8:0:Product": {
                "@productClass": "CORE",
                "#text": "4325"
              },
              "urn:vertexinc:o-series:tps:8:0:Quantity": "2",
              "urn:vertexinc:o-series:tps:8:0:ExtendedPrice": "10.50",
              "urn:vertexinc:o-series:tps:8:0:FlexibleFields": {
                "urn:vertexinc:o-series:tps:8:0:FlexibleCodeField": [
                  "SPIINT1",
                  "StandardProcess.Integration.API"
                ]
              }
            },
            {
              "urn:vertexinc:o-series:tps:8:0:Product": {
                "@productClass": "CORE",
                "#text": "4375"
              },
              "urn:vertexinc:o-series:tps:8:0:Quantity": "1",
              "urn:vertexinc:o-series:tps:8:0:ExtendedPrice": "16",
              "urn:vertexinc:o-series:tps:8:0:FlexibleFields": {
                "urn:vertexinc:o-series:tps:8:0:FlexibleCodeField": [
                  "SPIINT1",
                  "StandardProcess.Integration.API"
                ]
              }
            },
            {
              "urn:vertexinc:o-series:tps:8:0:Product": {
                "@productClass": "MIN ORDER",
                "#text": "MIN ORDER"
              },
              "urn:vertexinc:o-series:tps:8:0:ExtendedPrice": "7"
            }
          ]
        }
      }
    }
  }
}