{
  "http://schemas.xmlsoap.org/soap/envelope/:Envelope": {
    "http://schemas.xmlsoap.org/soap/envelope/:Header": null,
    "http://schemas.xmlsoap.org/soap/envelope/:Body": {
      "x:VertexEnvelope": {
        "x:Login": {
          "x:TrustedId": "3655809579939678"
        },
        "x:QuotationRequest": {
          "@documentDate": "2021-2-9",
          "@transactionType": "SALE",
          "@xmlns": {
            "soapenv": "http://schemas.xmlsoap.org/soap/envelope/",
            "urn": "urn:vertexinc:o-series:tps:7:0",
            "": "urn:vertexinc:o-series:tps:7:0",
            "xsi": "http://www.w3.org/2001/XMLSchema-instance"
          },
          "x:LineItem": [
            {
              "@lineItemNumber": "1",
              "@lineItemId": "item|1",
              "@locationCode": "New Stanton",
              "x:Seller": {
                "x:Company": "ols",
                "x:PhysicalOrigin": {
                  "x:StreetAddress1": "1000 Westinghouse Dr",
                  "x:City": "New Stanton",
                  "x:MainDivision": "PA",
                  "x:PostalCode": "15672",
                  "x:Country": "USA"
                }
              },
              "x:Customer": {
                "x:CustomerCode": null,
                "x:Destination": {
                  "x:StreetAddress1": "12210 Conway Rd.",
                  "x:City": "Beltsville",
                  "x:MainDivision": "MD",
                  "x:PostalCode": "20705",
                  "x:Country": "USA"
                }
              },
              "x:Product": {
                "@productClass": "SAFETY-PERSONAL_PROTECTIVE_EQUIPMENT",
                "#text": "SFTPHYG1000004031-L Tyvek Coveralls wit"
              },
              "x:Quantity": "25",
              "x:ExtendedPrice": "156.5"
            },
            {
              "@lineItemNumber": "2",
              "@lineItemId": "item|2",
              "@locationCode": "New Stanton",
              "x:Seller": {
                "x:Company": "ols",
                "x:PhysicalOrigin": {
                  "x:StreetAddress1": "1000 Westinghouse Dr",
                  "x:City": "New Stanton",
                  "x:MainDivision": "PA",
                  "x:PostalCode": "15672",
                  "x:Country": "USA"
                }
              },
              "x:Customer": {
                "x:CustomerCode": null,
                "x:Destination": {
                  "x:StreetAddress1": "12210 Conway Rd.",
                  "x:City": "Beltsville",
                  "x:MainDivision": "MD",
                  "x:PostalCode": "20705",
                  "x:Country": "USA"
                }
              },
              "x:Product": {
                "@productClass": "SAFETY-PERSONAL_PROTECTIVE_EQUIPMENT",
                "#text": "SFTPHYG1000004030-XL Dupont Hooded and"
              },
              "x:Quantity": "50",
              "x:ExtendedPrice": "382.5"
            },
            {
              "@lineItemNumber": "3",
              "@lineItemId": "item|3",
              "@locationCode": "New Stanton",
              "x:Seller": {
                "x:Company": "ols",
                "x:PhysicalOrigin": {
                  "x:StreetAddress1": "1000 Westinghouse Dr",
                  "x:City": "New Stanton",
                  "x:MainDivision": "PA",
                  "x:PostalCode": "15672",
                  "x:Country": "USA"
                }
              },
              "x:Customer": {
                "x:CustomerCode": null,
                "x:Destination": {
                  "x:StreetAddress1": "12210 Conway Rd.",
                  "x:City": "Beltsville",
                  "x:MainDivision": "MD",
                  "x:PostalCode": "20705",
                  "x:Country": "USA"
                }
              },
              "x:Product": {
                "@productClass": "SAFETY-PERSONAL_PROTECTIVE_EQUIPMENT",
                "#text": "SFTPHYG1000004030-L Dupont Hooded and B"
              },
              "x:Quantity": "25",
              "x:ExtendedPrice": "191.25"
            },
            {
              "@lineItemNumber": "4",
              "@lineItemId": "item|4",
              "@locationCode": "New Stanton",
              "x:Seller": {
                "x:Company": "ols",
                "x:PhysicalOrigin": {
                  "x:StreetAddress1": "1000 Westinghouse Dr",
                  "x:City": "New Stanton",
                  "x:MainDivision": "PA",
                  "x:PostalCode": "15672",
                  "x:Country": "USA"
                }
              },
              "x:Customer": {
                "x:CustomerCode": null,
                "x:Destination": {
                  "x:StreetAddress1": "12210 Conway Rd.",
                  "x:City": "Beltsville",
                  "x:MainDivision": "MD",
                  "x:PostalCode": "20705",
                  "x:Country": "USA"
                }
              },
              "x:Product": {
                "@productClass": "CLO-GLOVES-DISPOSABLE",
                "#text": "DSG_PG_NYGLO-L Nitrile Medical Examinat"
              },
              "x:Quantity": "10",
              "x:ExtendedPrice": "142.4"
            }
          ]
        }
      }
    }
  }
}