{
  "http://schemas.xmlsoap.org/soap/envelope/:Envelope": {
    "http://schemas.xmlsoap.org/soap/envelope/:Body": {
      "x:VertexEnvelope": {
        "x:Login": {
          "x:UserName": "6250271283870425",
          "x:Password": "6250271283870425"
        },
        "x:QuotationRequest": {
          "@transactionType": "SALE",
          "@returnGeneratedLineItemsIndicator": "true",
          "@returnAssistedParametersIndicator": "true",
          "@documentNumber": "0000186610",
          "@documentType": "M",
          "@xmlns": {
            "soap": "http://schemas.xmlsoap.org/soap/envelope/",
            "": "urn:vertexinc:o-series:tps:7:0"
          },
          "x:Currency": {
            "@isoCurrencyCodeAlpha": "USD"
          },
          "x:Seller": {
            "x:Company": "PC01"
          },
          "x:LineItem": {
            "@lineItemNumber": "000750",
            "@transactionType": "SALE",
            "@lineItemId": "000001",
            "@materialCode": "11382",
            "x:Seller": {
              "x:Company": "PC01",
              "x:PhysicalOrigin": {
                "@taxAreaId": "030130250"
              },
              "x:AdministrativeOrigin": {
                "@taxAreaId": "030130250"
              }
            },
            "x:Customer": {
              "x:CustomerCode": {
                "@classCode": "10",
                "#text": "0010046660"
              },
              "x:Destination": {
                "@taxAreaId": "250892454"
              },
              "x:AdministrativeDestination": {
                "@taxAreaId": "250892454"
              }
            },
            "x:Product": {
              "@productClass": "T07",
              "#text": "11382"
            },
            "x:Quantity": {
              "@unitOfMeasure": "EA",
              "#text": "4"
            },
            "x:Volume": "0002",
            "x:Freight": "0.02",
            "x:ExtendedPrice": "377.96",
            "x:FlexibleFields": {
              "x:FlexibleCodeField": {
                "@fieldId": "14",
                "#text": "vhshpmr9ai01"
              },
              "x:FlexibleNumericField": {
                "@fieldId": "1",
                "#text": "24.250"
              }
            }
          }
        },
        "x:ApplicationData": {
          "x:Sender": "MR9-100"
        }
      }
    }
  }
}