{
  "http://schemas.xmlsoap.org/soap/envelope/:Envelope": {
    "http://schemas.xmlsoap.org/soap/envelope/:Header": null,
    "http://schemas.xmlsoap.org/soap/envelope/:Body": {
      "x:VertexEnvelope": {
        "x:Login": {
          "x:TrustedId": "0179501699931581"
        },
        "x:QuotationRequest": {
          "@documentDate": "2021-02-09-05:00",
          "@documentNumber": "US80093901",
          "@transactionType": "SALE",
          "@xmlns": {
            "S": "http://schemas.xmlsoap.org/soap/envelope/",
            "SOAP-ENV": "http://schemas.xmlsoap.org/soap/envelope/",
            "": "urn:vertexinc:o-series:tps:7:0"
          },
          "x:Currency": {
            "@isoCurrencyCodeAlpha": "USD"
          },
          "x:Seller": {
            "x:Company": "52-1237423",
            "x:PhysicalOrigin": {
              "x:StreetAddress1": "Sunrise Ave",
              "x:StreetAddress2": "601",
              "x:City": "Ridgely",
              "x:MainDivision": "Maryland",
              "x:PostalCode": "21660",
              "x:Country": "United States"
            }
          },
          "x:Customer": {
            "x:CustomerCode": "120001203543",
            "x:Destination": {
              "x:StreetAddress1": "208 Randolph St",
              "x:StreetAddress2": null,
              "x:City": "Burlington",
              "x:MainDivision": "Wisconsin",
              "x:PostalCode": "53105-1830",
              "x:Country": "United States"
            }
          },
          "x:LineItem": [
            {
              "@lineItemNumber": "1",
              "x:Product": "72620",
              "x:Quantity": "1",
              "x:ExtendedPrice": "16.85",
              "x:Discount": {
                "x:DiscountAmount": "1.15"
              }
            },
            {
              "@lineItemNumber": "2",
              "x:Product": "77805",
              "x:Quantity": "3",
              "x:ExtendedPrice": "60.22",
              "x:Discount": {
                "x:DiscountAmount": "4.13"
              }
            },
            {
              "@lineItemNumber": "3",
              "x:Product": "78100",
              "x:Quantity": "2",
              "x:ExtendedPrice": "40.16",
              "x:Discount": {
                "x:DiscountAmount": "2.74"
              }
            },
            {
              "@lineItemNumber": "4",
              "x:Product": "66620",
              "x:Quantity": "1",
              "x:ExtendedPrice": "27.79",
              "x:Discount": {
                "x:DiscountAmount": "1.91"
              }
            },
            {
              "@lineItemNumber": "5",
              "x:Product": "66605",
              "x:Quantity": "1",
              "x:ExtendedPrice": "27.80",
              "x:Discount": {
                "x:DiscountAmount": "1.90"
              }
            },
            {
              "@lineItemNumber": "6",
              "x:Product": "63000",
              "x:ExtendedPrice": "5.00"
            }
          ]
        }
      }
    }
  }
}