{
  "http://schemas.xmlsoap.org/soap/envelope/:Envelope": {
    "http://schemas.xmlsoap.org/soap/envelope/:Header": null,
    "http://schemas.xmlsoap.org/soap/envelope/:Body": {
      "x:VertexEnvelope": {
        "x:Login": {
          "x:TrustedId": "5108641330324384"
        },
        "x:QuotationRequest": {
          "@deliveryTerm": "DAP",
          "@documentDate": "2021-02-09",
          "@transactionType": "SALE",
          "@xmlns": {
            "SOAP-ENV": "http://schemas.xmlsoap.org/soap/envelope/",
            "ns2": "urn:vertexinc:o-series:tps:7:0"
          },
          "x:Currency": {
            "@isoCurrencyCodeAlpha": "USD"
          },
          "x:Seller": {
            "x:Company": "YESSTYLE",
            "x:PhysicalOrigin": {
              "x:StreetAddress1": "5/F, KC100, 100 Kwai Cheong Road,",
              "x:StreetAddress2": "Kwai Chung, New Territories,",
              "x:City": "Hong Kong",
              "x:Country": "HKG"
            }
          },
          "x:Customer": {
            "x:Destination": {
              "@taxAreaId": "390594010",
              "x:StreetAddress1": "193 East Lincoln St",
              "x:City": "waynesburg",
              "x:MainDivision": "Pennsylvania",
              "x:PostalCode": "15370",
              "x:Country": "USA"
            }
          },
          "x:LineItem": [
            {
              "x:Product": {
                "@productClass": "14289",
                "#text": "1060251340"
              },
              "x:Quantity": "1.0",
              "x:ExtendedPrice": "28.71"
            },
            {
              "x:Product": {
                "@productClass": "14090",
                "#text": "1092440094"
              },
              "x:Quantity": "1.0",
              "x:ExtendedPrice": "22.9"
            },
            {
              "x:Product": {
                "@productClass": "14257",
                "#text": "1094386772"
              },
              "x:Quantity": "1.0",
              "x:ExtendedPrice": "19.9"
            },
            {
              "x:Product": {
                "@productClass": "14257",
                "#text": "1094386883"
              },
              "x:Quantity": "1.0",
              "x:ExtendedPrice": "19.9"
            },
            {
              "x:Product": {
                "@productClass": "14257",
                "#text": "1094541418"
              },
              "x:Quantity": "1.0",
              "x:ExtendedPrice": "19.9"
            },
            {
              "x:Product": {
                "@productClass": "14258",
                "#text": "1094894861"
              },
              "x:Quantity": "1.0",
              "x:ExtendedPrice": "18.9"
            },
            {
              "x:Product": {
                "@productClass": "shipping"
              },
              "x:Quantity": "1.0",
              "x:ExtendedPrice": "0.0"
            }
          ]
        }
      }
    }
  }
}