{
  "http://schemas.xmlsoap.org/soap/envelope/:Envelope": {
    "http://schemas.xmlsoap.org/soap/envelope/:Body": {
      "x:VertexEnvelope": {
        "x:Login": {
          "x:TrustedId": "7649555430638576"
        },
        "x:QuotationRequest": {
          "@documentNumber": "Micls",
          "@returnAssistedParametersIndicator": "true",
          "@documentDate": "2021-02-09-06:00",
          "@transactionType": "SALE",
          "@xmlns": {
            "soap": "http://schemas.xmlsoap.org/soap/envelope/",
            "": "urn:vertexinc:o-series:tps:7:0"
          },
          "x:Currency": {
            "@isoCurrencyCodeAlpha": "USD"
          },
          "x:Seller": {
            "x:Company": "1000"
          },
          "x:LineItem": [
            {
              "@lineItemNumber": "1",
              "@lineItemId": "da7a00b76e3d9709d5726ecde6",
              "x:Customer": {
                "x:Destination": {
                  "x:StreetAddress1": "3349 Monroe Ave",
                  "x:City": "Rochester",
                  "x:MainDivision": "NY",
                  "x:PostalCode": "14618-5513",
                  "x:Country": "US"
                }
              },
              "x:Product": {
                "@productClass": "200"
              },
              "x:Quantity": {
                "@unitOfMeasure": "EA",
                "#text": "3.0"
              },
              "x:ExtendedPrice": "7.47"
            },
            {
              "@lineItemNumber": "2",
              "@lineItemId": "585d1821d995f45a9b524e322d",
              "x:Customer": {
                "x:Destination": {
                  "x:StreetAddress1": "3349 Monroe Ave",
                  "x:City": "Rochester",
                  "x:MainDivision": "NY",
                  "x:PostalCode": "14618-5513",
                  "x:Country": "US"
                }
              },
              "x:Product": {
                "@productClass": "283"
              },
              "x:Quantity": {
                "@unitOfMeasure": "EA",
                "#text": "2.0"
              },
              "x:ExtendedPrice": "2.98"
            },
            {
              "@lineItemNumber": "3",
              "@lineItemId": "07e9903915d0a67b7c2b5eb004",
              "x:Customer": {
                "x:Destination": {
                  "x:StreetAddress1": "3349 Monroe Ave",
                  "x:City": "Rochester",
                  "x:MainDivision": "NY",
                  "x:PostalCode": "14618-5513",
                  "x:Country": "US"
                }
              },
              "x:Product": {
                "@productClass": "200"
              },
              "x:Quantity": {
                "@unitOfMeasure": "EA",
                "#text": "3.0"
              },
              "x:ExtendedPrice": "7.47"
            },
            {
              "@lineItemNumber": "4",
              "@lineItemId": "ec9e0bc4c8a5431190ca7a15f1",
              "x:Customer": {
                "x:Destination": {
                  "x:StreetAddress1": "3349 Monroe Ave",
                  "x:City": "Rochester",
                  "x:MainDivision": "NY",
                  "x:PostalCode": "14618-5513",
                  "x:Country": "US"
                }
              },
              "x:Product": {
                "@productClass": "279"
              },
              "x:Quantity": {
                "@unitOfMeasure": "EA",
                "#text": "1.0"
              },
              "x:ExtendedPrice": "2.49"
            },
            {
              "@lineItemNumber": "5",
              "@lineItemId": "8b2506055eaa2d2426441725b4",
              "x:Customer": {
                "x:Destination": {
                  "x:StreetAddress1": "3349 Monroe Ave",
                  "x:City": "Rochester",
                  "x:MainDivision": "NY",
                  "x:PostalCode": "14618-5513",
                  "x:Country": "US"
                }
              },
              "x:Product": {
                "@productClass": "200"
              },
              "x:Quantity": {
                "@unitOfMeasure": "EA",
                "#text": "1.0"
              },
              "x:ExtendedPrice": "2.49"
            },
            {
              "@lineItemNumber": "6",
              "@lineItemId": "2005f8016c01ed096a1b5d3141",
              "x:Customer": {
                "x:Destination": {
                  "x:StreetAddress1": "3349 Monroe Ave",
                  "x:City": "Rochester",
                  "x:MainDivision": "NY",
                  "x:PostalCode": "14618-5513",
                  "x:Country": "US"
                }
              },
              "x:Product": {
                "@productClass": "200"
              },
              "x:Quantity": {
                "@unitOfMeasure": "EA",
                "#text": "1.0"
              },
              "x:ExtendedPrice": "2.49"
            },
            {
              "@lineItemNumber": "7",
              "@lineItemId": "8d77800152dc1aab06f2580b01",
              "x:Customer": {
                "x:Destination": {
                  "x:StreetAddress1": "3349 Monroe Ave",
                  "x:City": "Rochester",
                  "x:MainDivision": "NY",
                  "x:PostalCode": "14618-5513",
                  "x:Country": "US"
                }
              },
              "x:Product": {
                "@productClass": "199"
              },
              "x:Quantity": {
                "@unitOfMeasure": "EA",
                "#text": "1.0"
              },
              "x:ExtendedPrice": "6.95"
            }
          ]
        }
      }
    }
  }
}