{
  "http://schemas.xmlsoap.org/soap/envelope/:Envelope": {
    "http://schemas.xmlsoap.org/soap/envelope/:Body": {
      "x:VertexEnvelope": {
        "x:Login": {
          "x:TrustedId": "3998310596563499"
        },
        "x:QuotationRequest": {
          "@documentDate": "2021-02-09",
          "@transactionType": "SALE",
          "@xmlns": {
            "soapenv": "http://schemas.xmlsoap.org/soap/envelope/",
            "xsd": "http://www.w3.org/2001/XMLSchema",
            "xsi": "http://www.w3.org/2001/XMLSchema-instance",
            "": "urn:vertexinc:o-series:tps:7:0"
          },
          "x:Seller": {
            "x:Company": "899",
            "x:PhysicalOrigin": {
              "x:City": "Groveport",
              "x:MainDivision": "OH",
              "x:PostalCode": "43215",
              "x:Country": "USA"
            },
            "x:AdministrativeOrigin": {
              "x:City": "Groveport",
              "x:MainDivision": "OH",
              "x:PostalCode": "43215",
              "x:Country": "USA"
            }
          },
          "x:Customer": null,
          "x:LineItem": [
            {
              "@lineItemId": "PRODUCT??1341197",
              "@lineItemNumber": "1",
              "x:Customer": {
                "x:Destination": {
                  "x:StreetAddress1": "2301 Summertime Ln",
                  "x:City": "Culver City",
                  "x:MainDivision": "CA",
                  "x:PostalCode": "90230-4504",
                  "x:Country": "us"
                }
              },
              "x:Product": {
                "@productClass": "0810",
                "#text": "Black Becca Shine Ring Triangle Bikini"
              },
              "x:Quantity": "1.0",
              "x:ExtendedPrice": "26.95",
              "x:Discount": {
                "x:DiscountAmount": "0.0"
              }
            },
            {
              "@lineItemId": "PRODUCT??1341379",
              "@lineItemNumber": "2",
              "x:Customer": {
                "x:Destination": {
                  "x:StreetAddress1": "2301 Summertime Ln",
                  "x:City": "Culver City",
                  "x:MainDivision": "CA",
                  "x:PostalCode": "90230-4504",
                  "x:Country": "us"
                }
              },
              "x:Product": {
                "@productClass": "0811",
                "#text": "Black Becca Shine Ring Side Tie Bikini"
              },
              "x:Quantity": "1.0",
              "x:ExtendedPrice": "24.95",
              "x:Discount": {
                "x:DiscountAmount": "0.0"
              }
            },
            {
              "@lineItemId": "PRODUCT??1481928",
              "@lineItemNumber": "3",
              "x:Customer": {
                "x:Destination": {
                  "x:StreetAddress1": "2301 Summertime Ln",
                  "x:City": "Culver City",
                  "x:MainDivision": "CA",
                  "x:PostalCode": "90230-4504",
                  "x:Country": "us"
                }
              },
              "x:Product": {
                "@productClass": "0810",
                "#text": "White Tess Tie Front Triangle Bikini To"
              },
              "x:Quantity": "1.0",
              "x:ExtendedPrice": "26.95",
              "x:Discount": {
                "x:DiscountAmount": "0.0"
              }
            },
            {
              "@lineItemId": "PRODUCT??1482405",
              "@lineItemNumber": "4",
              "x:Customer": {
                "x:Destination": {
                  "x:StreetAddress1": "2301 Summertime Ln",
                  "x:City": "Culver City",
                  "x:MainDivision": "CA",
                  "x:PostalCode": "90230-4504",
                  "x:Country": "us"
                }
              },
              "x:Product": {
                "@productClass": "0811",
                "#text": "White Tess High Cut Sporty Bikini Botto"
              },
              "x:Quantity": "1.0",
              "x:ExtendedPrice": "24.95",
              "x:Discount": {
                "x:DiscountAmount": "0.0"
              }
            },
            {
              "@lineItemId": "PRODUCT??1216282",
              "@lineItemNumber": "5",
              "x:Customer": {
                "x:Destination": {
                  "x:StreetAddress1": "2301 Summertime Ln",
                  "x:City": "Culver City",
                  "x:MainDivision": "CA",
                  "x:PostalCode": "90230-4504",
                  "x:Country": "us"
                }
              },
              "x:Product": {
                "@productClass": "0810",
                "#text": "Brown Sunseeker Underwire Bralette Biki"
              },
              "x:Quantity": "1.0",
              "x:ExtendedPrice": "32.95",
              "x:Discount": {
                "x:DiscountAmount": "0.0"
              }
            },
            {
              "@lineItemId": "PRODUCT??1216399",
              "@lineItemNumber": "6",
              "x:Customer": {
                "x:Destination": {
                  "x:StreetAddress1": "2301 Summertime Ln",
                  "x:City": "Culver City",
                  "x:MainDivision": "CA",
                  "x:PostalCode": "90230-4504",
                  "x:Country": "us"
                }
              },
              "x:Product": {
                "@productClass": "0811",
                "#text": "Brown Sunseeker Tie Side Bikini Bottom"
              },
              "x:Quantity": "1.0",
              "x:ExtendedPrice": "24.95",
              "x:Discount": {
                "x:DiscountAmount": "0.0"
              }
            },
            {
              "@lineItemId": "PRODUCT??1213354",
              "@lineItemNumber": "7",
              "x:Customer": {
                "x:Destination": {
                  "x:StreetAddress1": "2301 Summertime Ln",
                  "x:City": "Culver City",
                  "x:MainDivision": "CA",
                  "x:PostalCode": "90230-4504",
                  "x:Country": "us"
                }
              },
              "x:Product": {
                "@productClass": "0811",
                "#text": "Black Jules Scrunch Bikini Bottom"
              },
              "x:Quantity": "1.0",
              "x:ExtendedPrice": "24.95",
              "x:Discount": {
                "x:DiscountAmount": "0.0"
              }
            },
            {
              "@lineItemId": "PRODUCT??1213057",
              "@lineItemNumber": "8",
              "x:Customer": {
                "x:Destination": {
                  "x:StreetAddress1": "2301 Summertime Ln",
                  "x:City": "Culver City",
                  "x:MainDivision": "CA",
                  "x:PostalCode": "90230-4504",
                  "x:Country": "us"
                }
              },
              "x:Product": {
                "@productClass": "0810",
                "#text": "Black Jules Scrunch Bikini Top"
              },
              "x:Quantity": "1.0",
              "x:ExtendedPrice": "26.95",
              "x:Discount": {
                "x:DiscountAmount": "0.0"
              }
            },
            {
              "@lineItemId": "SHIPPING??STANDARD_SHIPPING",
              "@lineItemNumber": "9",
              "x:Customer": {
                "x:Destination": {
                  "x:StreetAddress1": "2301 Summertime Ln",
                  "x:City": "Culver City",
                  "x:MainDivision": "CA",
                  "x:PostalCode": "90230-4504",
                  "x:Country": "us"
                }
              },
              "x:Product": "SHP",
              "x:Quantity": "1.0",
              "x:ExtendedPrice": "20.00",
              "x:Discount": {
                "x:DiscountAmount": "0.0"
              }
            }
          ]
        }
      }
    }
  }
}