{
  "http://schemas.xmlsoap.org/soap/envelope/:Envelope": {
    "http://schemas.xmlsoap.org/soap/envelope/:Body": {
      "x:VertexEnvelope": {
        "x:Login": {
          "x:TrustedId": "8466911215424436"
        },
        "x:TaxAreaRequest": {
          "x:TaxAreaLookup": {
            "x:PostalAddress": {
              "x:City": "Salt Lake City",
              "x:MainDivision": "UT",
              "x:SubDivision": "SALT LAKE",
              "x:PostalCode": "84130",
              "x:Country": "USA"
            }
          }
        }
      }
    }
  }
}