{
  "http://schemas.xmlsoap.org/soap/envelope/:Envelope": {
    "http://schemas.xmlsoap.org/soap/envelope/:Header": null,
    "http://schemas.xmlsoap.org/soap/envelope/:Body": {
      "x:VertexEnvelope": {
        "x:Login": {
          "x:TrustedId": "2951872750924283"
        },
        "x:QuotationRequest": {
          "@documentDate": "2021-02-09",
          "@transactionType": "SALE",
          "@xmlns": {
            "SOAP-ENV": "http://schemas.xmlsoap.org/soap/envelope/",
            "ns2": "urn:vertexinc:o-series:tps:7:0"
          },
          "x:Currency": {
            "@isoCurrencyCodeAlpha": "USD"
          },
          "x:Seller": {
            "x:Company": "540"
          },
          "x:Customer": {
            "x:CustomerCode": "68f35fe9-2034-4612-9e40-b8231b08af22",
            "x:Destination": {
              "x:PostalCode": "74013",
              "x:Country": "US"
            }
          },
          "x:LineItem": {
            "@lineItemNumber": "1",
            "x:Seller": {
              "x:Company": "540"
            },
            "x:Customer": {
              "x:CustomerCode": "68f35fe9-2034-4612-9e40-b8231b08af22",
              "x:Destination": {
                "x:PostalCode": "74013",
                "x:Country": "US"
              }
            },
            "x:Product": {
              "@productClass": "STRMVID"
            },
            "x:Quantity": "1.0",
            "x:ExtendedPrice": "4.99"
          }
        }
      }
    }
  }
}