{
  "http://schemas.xmlsoap.org/soap/envelope/:Envelope": {
    "http://schemas.xmlsoap.org/soap/envelope/:Body": {
      "x:VertexEnvelope": {
        "x:Login": {
          "x:TrustedId": "8061508724204636"
        },
        "x:QuotationRequest": {
          "@postingDate": "2021-02-09 09:42:02",
          "@documentDate": "2021-02-09 09:42:02",
          "@transactionType": "SALE",
          "@xmlns": {
            "SOAP-ENV": "http://schemas.xmlsoap.org/soap/envelope/",
            "ns1": "urn:vertexinc:o-series:tps:7:0"
          },
          "x:LineItem": [
            {
              "@lineItemNumber": "1",
              "@locationCode": "",
              "@lineItemId": "69278094",
              "x:Seller": {
                "x:Company": "LD Products Inc",
                "x:PhysicalOrigin": {
                  "x:StreetAddress1": "3700 Cover St",
                  "x:StreetAddress2": null,
                  "x:City": "Long Beach",
                  "x:MainDivision": "12",
                  "x:PostalCode": "90808",
                  "x:Country": "USA"
                }
              },
              "x:Customer": {
                "x:CustomerCode": {
                  "@classCode": "Retail Customer",
                  "#text": "General"
                },
                "x:Destination": {
                  "x:StreetAddress1": "3161 State Rd Ste J",
                  "x:StreetAddress2": null,
                  "x:City": "Bensalem",
                  "x:MainDivision": "PA",
                  "x:PostalCode": "19020",
                  "x:Country": "USA"
                }
              },
              "x:Product": {
                "@productClass": "Taxable Goods",
                "#text": "Q5942XCTA"
              },
              "x:Quantity": "1",
              "x:UnitPrice": "52.99",
              "x:ExtendedPrice": "45.04"
            },
            {
              "@lineItemNumber": "3",
              "@locationCode": "",
              "@lineItemId": "69278095",
              "x:Seller": {
                "x:Company": "LD Products Inc",
                "x:PhysicalOrigin": {
                  "x:StreetAddress1": "3700 Cover St",
                  "x:StreetAddress2": null,
                  "x:City": "Long Beach",
                  "x:MainDivision": "12",
                  "x:PostalCode": "90808",
                  "x:Country": "USA"
                }
              },
              "x:Customer": {
                "x:CustomerCode": {
                  "@classCode": "Retail Customer",
                  "#text": "General"
                },
                "x:Destination": {
                  "x:StreetAddress1": "3161 State Rd Ste J",
                  "x:StreetAddress2": null,
                  "x:City": "Bensalem",
                  "x:MainDivision": "PA",
                  "x:PostalCode": "19020",
                  "x:Country": "USA"
                }
              },
              "x:Product": {
                "@productClass": "Taxable Goods",
                "#text": "Q1338ACTA"
              },
              "x:Quantity": "1",
              "x:UnitPrice": "45.99",
              "x:ExtendedPrice": "39.09"
            },
            {
              "@lineItemNumber": "5",
              "@locationCode": "",
              "@lineItemId": "shipping",
              "x:Seller": {
                "x:Company": "LD Products Inc",
                "x:PhysicalOrigin": {
                  "x:StreetAddress1": "3700 Cover St",
                  "x:StreetAddress2": null,
                  "x:City": "Long Beach",
                  "x:MainDivision": "12",
                  "x:PostalCode": "90808",
                  "x:Country": "USA"
                }
              },
              "x:Customer": {
                "x:CustomerCode": {
                  "@classCode": "Retail Customer",
                  "#text": "General"
                },
                "x:Destination": {
                  "x:StreetAddress1": "3161 State Rd Ste J",
                  "x:StreetAddress2": null,
                  "x:City": "Bensalem",
                  "x:MainDivision": "PA",
                  "x:PostalCode": "19020",
                  "x:Country": "USA"
                }
              },
              "x:Product": {
                "@productClass": "Shipping",
                "#text": "tablerate_UPC"
              },
              "x:Quantity": "1",
              "x:UnitPrice": "0",
              "x:ExtendedPrice": "0"
            }
          ]
        }
      }
    }
  }
}