{
  "http://schemas.xmlsoap.org/soap/envelope/:Envelope": {
    "http://schemas.xmlsoap.org/soap/envelope/:Header": null,
    "http://schemas.xmlsoap.org/soap/envelope/:Body": {
      "x:VertexEnvelope": {
        "x:Login": {
          "x:TrustedId": "0504958370492816"
        },
        "x:QuotationRequest": {
          "@transactionType": "SALE",
          "@xmlns": {
            "SOAP-ENV": "http://schemas.xmlsoap.org/soap/envelope/",
            "ns2": "urn:vertexinc:o-series:tps:7:0"
          },
          "x:Seller": {
            "x:PhysicalOrigin": {
              "x:StreetAddress1": "302 Meadowlands dr",
              "x:City": "Hillsborough",
              "x:MainDivision": "NC",
              "x:PostalCode": "27278",
              "x:Country": "United States"
            }
          },
          "x:Customer": {
            "x:Destination": {
              "x:StreetAddress1": "26 La Corso Pl",
              "x:StreetAddress2": "Apt B",
              "x:City": "Walnut Creek",
              "x:MainDivision": "CA",
              "x:PostalCode": "94598-2265",
              "x:Country": "United States"
            }
          },
          "x:LineItem": [
            {
              "@lineItemNumber": "246866431",
              "x:Product": "M514",
              "x:Quantity": "1.0",
              "x:UnitPrice": "10.97"
            },
            {
              "@lineItemNumber": "246866659",
              "x:Product": "873U",
              "x:Quantity": "1.0",
              "x:UnitPrice": "14.95"
            },
            {
              "@lineItemNumber": "246866986",
              "x:Product": "332U",
              "x:Quantity": "1.0",
              "x:UnitPrice": "14.95"
            },
            {
              "@lineItemNumber": "0",
              "x:Product": "Shipping",
              "x:Quantity": "1.0",
              "x:UnitPrice": "7.99"
            },
            {
              "@lineItemNumber": "0",
              "x:Product": "Insurance",
              "x:Quantity": "1.0",
              "x:UnitPrice": "2.25"
            }
          ]
        }
      }
    }
  }
}