{
  "http://schemas.xmlsoap.org/soap/envelope/:Envelope": {
    "http://schemas.xmlsoap.org/soap/envelope/:Body": {
      "x:VertexEnvelope": {
        "x:Login": {
          "x:TrustedId": "3612205590889199"
        },
        "x:QuotationRequest": {
          "@returnAssistedParametersIndicator": "true",
          "@deliveryTerm": "SUP",
          "@documentDate": "2021-02-09",
          "@transactionType": "SALE",
          "@xmlns": {
            "SOAP-ENV": "http://schemas.xmlsoap.org/soap/envelope/",
            "ns1": "urn:vertexinc:o-series:tps:7:0"
          },
          "x:Currency": {
            "@isoCurrencyCodeAlpha": "USD"
          },
          "x:Seller": {
            "x:Company": "cwstore",
            "x:PhysicalOrigin": {
              "x:StreetAddress1": "10601 Tierrasanta Boulevard",
              "x:City": "San Diego",
              "x:MainDivision": "CA",
              "x:PostalCode": "92124",
              "x:Country": "USA"
            }
          },
          "x:Customer": {
            "x:CustomerCode": {
              "@classCode": "Retail Customer",
              "#text": "General"
            },
            "x:Destination": {
              "x:PostalCode": "0000*",
              "x:Country": "USA"
            }
          },
          "x:LineItem": {
            "@lineItemId": "sequence-1",
            "x:Product": {
              "@productClass": "Taxable Goods",
              "#text": "the-complete-crown-collection"
            },
            "x:Quantity": "1",
            "x:UnitPrice": "135.99",
            "x:ExtendedPrice": "135.99"
          }
        }
      }
    }
  }
}