{
  "http://schemas.xmlsoap.org/soap/envelope/:Envelope": {
    "http://schemas.xmlsoap.org/soap/envelope/:Header": null,
    "http://schemas.xmlsoap.org/soap/envelope/:Body": {
      "x:VertexEnvelope": {
        "x:Login": {
          "x:TrustedId": "3503821879439213"
        },
        "x:QuotationRequest": {
          "@documentDate": "2021-02-09",
          "@documentNumber": "SO304369926",
          "@transactionType": "SALE",
          "@xmlns": {
            "SOAP-ENV": "http://schemas.xmlsoap.org/soap/envelope/",
            "ns2": "urn:vertexinc:o-series:tps:7:0"
          },
          "x:Seller": {
            "x:Company": "MKC"
          },
          "x:LineItem": [
            {
              "@deliveryTerm": "FOB",
              "@lineItemId": "L-INV1132429804",
              "@lineItemNumber": "2",
              "x:Seller": {
                "x:PhysicalOrigin": {
                  "@taxAreaId": "501390850",
                  "x:StreetAddress1": "2155 S Oakwood Rd",
                  "x:City": "Oshkosh",
                  "x:MainDivision": "WI",
                  "x:PostalCode": "54904",
                  "x:Country": "United States"
                },
                "x:AdministrativeOrigin": {
                  "@taxAreaId": "501390850",
                  "x:StreetAddress1": "2155 S Oakwood Rd",
                  "x:City": "Oshkosh",
                  "x:MainDivision": "WI",
                  "x:PostalCode": "54904",
                  "x:Country": "United States"
                }
              },
              "x:Customer": {
                "x:CustomerCode": {
                  "@classCode": "CUSTCODE",
                  "#text": "1010533193"
                },
                "x:Destination": {
                  "x:StreetAddress1": "46577 Y AND O RD",
                  "x:City": "E LIVERPOOL",
                  "x:MainDivision": "OH",
                  "x:PostalCode": "43920",
                  "x:Country": "US"
                }
              },
              "x:Product": {
                "@productClass": "Clocks & Electronics"
              },
              "x:Quantity": "1.0",
              "x:UnitPrice": "29.99",
              "x:ExtendedPrice": "29.99"
            },
            {
              "@deliveryTerm": "FOB",
              "@lineItemId": "L-INV1132429807",
              "@lineItemNumber": "4",
              "x:Seller": {
                "x:PhysicalOrigin": {
                  "@taxAreaId": "501390850",
                  "x:StreetAddress1": "2155 S Oakwood Rd",
                  "x:City": "Oshkosh",
                  "x:MainDivision": "WI",
                  "x:PostalCode": "54904",
                  "x:Country": "United States"
                },
                "x:AdministrativeOrigin": {
                  "@taxAreaId": "501390850",
                  "x:StreetAddress1": "2155 S Oakwood Rd",
                  "x:City": "Oshkosh",
                  "x:MainDivision": "WI",
                  "x:PostalCode": "54904",
                  "x:Country": "United States"
                }
              },
              "x:Customer": {
                "x:CustomerCode": {
                  "@classCode": "CUSTCODE",
                  "#text": "1010533193"
                },
                "x:Destination": {
                  "x:StreetAddress1": "46577 Y AND O RD",
                  "x:City": "E LIVERPOOL",
                  "x:MainDivision": "OH",
                  "x:PostalCode": "43920",
                  "x:Country": "US"
                }
              },
              "x:Product": {
                "@productClass": "Vibrators"
              },
              "x:Quantity": "1.0",
              "x:UnitPrice": "19.99",
              "x:ExtendedPrice": "19.99"
            },
            {
              "@deliveryTerm": "FOB",
              "@lineItemId": "M-5791961301-1",
              "@lineItemNumber": "0",
              "x:Seller": {
                "x:PhysicalOrigin": {
                  "@taxAreaId": "501390850",
                  "x:StreetAddress1": "2155 S Oakwood Rd",
                  "x:City": "Oshkosh",
                  "x:MainDivision": "WI",
                  "x:PostalCode": "54904",
                  "x:Country": "United States"
                },
                "x:AdministrativeOrigin": {
                  "@taxAreaId": "501390850",
                  "x:StreetAddress1": "2155 S Oakwood Rd",
                  "x:City": "Oshkosh",
                  "x:MainDivision": "WI",
                  "x:PostalCode": "54904",
                  "x:Country": "United States"
                }
              },
              "x:Customer": {
                "x:CustomerCode": {
                  "@classCode": "CUSTCODE",
                  "#text": "1010533193"
                },
                "x:Destination": {
                  "x:StreetAddress1": "46577 Y AND O RD",
                  "x:City": "E LIVERPOOL",
                  "x:MainDivision": "OH",
                  "x:PostalCode": "43920",
                  "x:Country": "US"
                }
              },
              "x:Product": {
                "@productClass": "Shipping"
              },
              "x:Quantity": "1.0",
              "x:UnitPrice": "3.265",
              "x:ExtendedPrice": "3.265"
            },
            {
              "@deliveryTerm": "FOB",
              "@lineItemId": "M-5791961301-1",
              "@lineItemNumber": "0",
              "x:Seller": {
                "x:PhysicalOrigin": {
                  "@taxAreaId": "501390850",
                  "x:StreetAddress1": "2155 S Oakwood Rd",
                  "x:City": "Oshkosh",
                  "x:MainDivision": "WI",
                  "x:PostalCode": "54904",
                  "x:Country": "United States"
                },
                "x:AdministrativeOrigin": {
                  "@taxAreaId": "501390850",
                  "x:StreetAddress1": "2155 S Oakwood Rd",
                  "x:City": "Oshkosh",
                  "x:MainDivision": "WI",
                  "x:PostalCode": "54904",
                  "x:Country": "United States"
                }
              },
              "x:Customer": {
                "x:CustomerCode": {
                  "@classCode": "CUSTCODE",
                  "#text": "1010533193"
                },
                "x:Destination": {
                  "x:StreetAddress1": "46577 Y AND O RD",
                  "x:City": "E LIVERPOOL",
                  "x:MainDivision": "OH",
                  "x:PostalCode": "43920",
                  "x:Country": "US"
                }
              },
              "x:Product": {
                "@productClass": "Shipping"
              },
              "x:Quantity": "1.0",
              "x:UnitPrice": "3.265",
              "x:ExtendedPrice": "3.265"
            }
          ]
        }
      }
    }
  }
}