{
  "http://schemas.xmlsoap.org/soap/envelope/:Envelope": {
    "http://schemas.xmlsoap.org/soap/envelope/:Header": null,
    "http://schemas.xmlsoap.org/soap/envelope/:Body": {
      "urn:vertexinc:o-series:tps:8:0:VertexEnvelope": {
        "urn:vertexinc:o-series:tps:8:0:Login": {
          "urn:vertexinc:o-series:tps:8:0:TrustedId": "3016824109582089"
        },
        "urn:vertexinc:o-series:tps:8:0:InvoiceRequest": {
          "@documentNumber": "21000134",
          "@documentType": "RI",
          "@locationCode": "5700",
          "@returnAssistedParametersIndicator": "true",
          "@documentDate": "2021-02-09",
          "@transactionId": "JAPRD28117",
          "@transactionType": "SALE",
          "@xmlns": {
            "soapenv": "http://schemas.xmlsoap.org/soap/envelope/",
            "": "urn:vertexinc:o-series:tps:8:0"
          },
          "urn:vertexinc:o-series:tps:8:0:Seller": {
            "urn:vertexinc:o-series:tps:8:0:Company": "USV",
            "urn:vertexinc:o-series:tps:8:0:Division": "05700",
            "urn:vertexinc:o-series:tps:8:0:PhysicalOrigin": {
              "@taxAreaId": "476600320"
            },
            "urn:vertexinc:o-series:tps:8:0:AdministrativeOrigin": {
              "@taxAreaId": "476600320"
            }
          },
          "urn:vertexinc:o-series:tps:8:0:Customer": {
            "@isTaxExempt": "true",
            "@exemptionReasonCode": "true",
            "urn:vertexinc:o-series:tps:8:0:CustomerCode": "1270653",
            "urn:vertexinc:o-series:tps:8:0:Destination": {
              "@taxAreaId": "476600320"
            }
          },
          "urn:vertexinc:o-series:tps:8:0:LineItem": {
            "@lineItemId": "JAPRD28117",
            "urn:vertexinc:o-series:tps:8:0:Customer": {
              "urn:vertexinc:o-series:tps:8:0:CustomerCode": "1270653",
              "urn:vertexinc:o-series:tps:8:0:Destination": {
                "@taxAreaId": "476600320"
              },
              "urn:vertexinc:o-series:tps:8:0:AdministrativeDestination": {
                "@taxAreaId": "476600320"
              }
            },
            "urn:vertexinc:o-series:tps:8:0:TaxOverride": {
              "@overrideType": "NONTAXABLE"
            },
            "urn:vertexinc:o-series:tps:8:0:Quantity": "1.000000",
            "urn:vertexinc:o-series:tps:8:0:ExtendedPrice": "0.000000",
            "urn:vertexinc:o-series:tps:8:0:FlexibleFields": {
              "urn:vertexinc:o-series:tps:8:0:FlexibleCodeField": [
                {
                  "@fieldId": "1",
                  "#text": "RI 21000134 05700"
                },
                {
                  "@fieldId": "4",
                  "#text": "SERVICE"
                },
                {
                  "@fieldId": "21",
                  "#text": "awsjdeent03.awsjde.vwt.local"
                },
                {
                  "@fieldId": "22",
                  "#text": "JAPRD"
                },
                {
                  "@fieldId": "23",
                  "#text": "ANSWEA0V9U"
                },
                {
                  "@fieldId": "24",
                  "#text": "R48199"
                },
                {
                  "@fieldId": "25",
                  "#text": "ANB0001"
                }
              ],
              "urn:vertexinc:o-series:tps:8:0:FlexibleNumericField": {
                "@fieldId": "1",
                "#text": "0.600000"
              }
            }
          }
        }
      }
    }
  }
}