{
  "http://schemas.xmlsoap.org/soap/envelope/:Envelope": {
    "http://schemas.xmlsoap.org/soap/envelope/:Body": {
      "x:VertexEnvelope": {
        "x:Login": {
          "x:TrustedId": "3998310596563499"
        },
        "x:QuotationRequest": {
          "@documentDate": "2021-02-09",
          "@transactionType": "SALE",
          "@xmlns": {
            "soapenv": "http://schemas.xmlsoap.org/soap/envelope/",
            "xsd": "http://www.w3.org/2001/XMLSchema",
            "xsi": "http://www.w3.org/2001/XMLSchema-instance",
            "": "urn:vertexinc:o-series:tps:7:0"
          },
          "x:Seller": {
            "x:Company": "899",
            "x:PhysicalOrigin": {
              "x:City": "Groveport",
              "x:MainDivision": "OH",
              "x:PostalCode": "43215",
              "x:Country": "USA"
            },
            "x:AdministrativeOrigin": {
              "x:City": "Groveport",
              "x:MainDivision": "OH",
              "x:PostalCode": "43215",
              "x:Country": "USA"
            }
          },
          "x:Customer": null,
          "x:LineItem": [
            {
              "@lineItemId": "PRODUCT??1355759",
              "@lineItemNumber": "1",
              "x:Customer": {
                "x:Destination": {
                  "x:StreetAddress1": "800 28th St Apt 206",
                  "x:StreetAddress2": "Bedroom C",
                  "x:City": "Boulder",
                  "x:MainDivision": "CO",
                  "x:PostalCode": "80303-2456",
                  "x:Country": "us"
                }
              },
              "x:Product": {
                "@productClass": "0702",
                "#text": "By PacSun Crush Ribbed Tank Top"
              },
              "x:Quantity": "1.0",
              "x:ExtendedPrice": "24.00",
              "x:Discount": {
                "x:DiscountAmount": "0.0"
              }
            },
            {
              "@lineItemId": "SHIPPING??STANDARD_SHIPPING",
              "@lineItemNumber": "2",
              "x:Customer": {
                "x:Destination": {
                  "x:StreetAddress1": "800 28th St Apt 206",
                  "x:StreetAddress2": "Bedroom C",
                  "x:City": "Boulder",
                  "x:MainDivision": "CO",
                  "x:PostalCode": "80303-2456",
                  "x:Country": "us"
                }
              },
              "x:Product": "SHP",
              "x:Quantity": "1.0",
              "x:ExtendedPrice": "6.00"
            }
          ]
        }
      }
    }
  }
}