{
  "http://schemas.xmlsoap.org/soap/envelope/:Envelope": {
    "http://schemas.xmlsoap.org/soap/envelope/:Header": null,
    "http://schemas.xmlsoap.org/soap/envelope/:Body": {
      "x:VertexEnvelope": {
        "x:Login": {
          "x:TrustedId": "7252034319066788"
        },
        "x:TaxAreaRequest": {
          "x:TaxAreaLookup": {
            "@asOfDate": "2021-02-09",
            "@xmlns": {
              "SOAP-ENV": "http://schemas.xmlsoap.org/soap/envelope/",
              "ns2": "urn:vertexinc:o-series:tps:7:0"
            },
            "x:PostalAddress": {
              "x:StreetAddress1": "5936 Sandhurst Ln, 112",
              "x:City": "Dallas",
              "x:MainDivision": "TX",
              "x:PostalCode": "75206",
              "x:Country": "US"
            }
          }
        }
      }
    }
  }
}