{
  "http://schemas.xmlsoap.org/soap/envelope/:Envelope": {
    "http://schemas.xmlsoap.org/soap/envelope/:Header": null,
    "http://schemas.xmlsoap.org/soap/envelope/:Body": {
      "x:VertexEnvelope": {
        "x:Login": {
          "x:TrustedId": "1640705084513650"
        },
        "x:QuotationRequest": {
          "@transactionType": "SALE",
          "@documentDate": "2021-02-09",
          "@documentNumber": "32220238-007",
          "@xmlns": {
            "soapenv": "http://schemas.xmlsoap.org/soap/envelope/",
            "": "urn:vertexinc:o-series:tps:7:0"
          },
          "x:Seller": {
            "x:Company": "CHSProd",
            "x:PhysicalOrigin": {
              "x:StreetAddress1": "276 Enterprise Way",
              "x:StreetAddress2": null,
              "x:City": "Mocksville",
              "x:MainDivision": "NC",
              "x:PostalCode": "27028",
              "x:Country": "USA"
            }
          },
          "x:Customer": {
            "x:CustomerCode": {
              "@classCode": "NULL",
              "#text": "897967"
            },
            "x:Destination": {
              "x:StreetAddress1": "336 DEERFIELD ROAD",
              "x:StreetAddress2": null,
              "x:City": "BOONE",
              "x:MainDivision": "NC",
              "x:PostalCode": "28607",
              "x:Country": "USA"
            }
          },
          "x:LineItem": {
            "@lineItemNumber": "35",
            "@locationCode": "MOCK",
            "x:Product": "06130104",
            "x:Quantity": "1.00",
            "x:UnitPrice": "15.8100",
            "x:ExtendedPrice": "15.8100",
            "x:FlexibleFields": {
              "x:FlexibleCodeField": [
                {
                  "@fieldId": "3",
                  "#text": "345736"
                },
                {
                  "@fieldId": "4",
                  "#text": "SYRINGE LUER LOK 1CC W/ECLIPSE"
                },
                {
                  "@fieldId": "5",
                  "#text": "WATAUGA MEDICAL CENTER"
                },
                {
                  "@fieldId": "6",
                  "#text": "10"
                }
              ]
            }
          }
        }
      }
    }
  }
}