{
  "http://schemas.xmlsoap.org/soap/envelope/:Envelope": {
    "http://schemas.xmlsoap.org/soap/envelope/:Header": null,
    "http://schemas.xmlsoap.org/soap/envelope/:Body": {
      "x:VertexEnvelope": {
        "x:Login": {
          "x:TrustedId": "4035984844860639"
        },
        "x:InvoiceRequest": {
          "@postingDate": "2021-02-09",
          "@transactionId": "62844632363",
          "@transactionType": "SALE",
          "@xmlns": {
            "SOAP-ENV": "http://schemas.xmlsoap.org/soap/envelope/",
            "ns2": "urn:vertexinc:o-series:tps:7:0"
          },
          "x:Seller": {
            "x:Company": "DCG001",
            "x:PhysicalOrigin": {
              "x:StreetAddress1": "DOT Compliance Group LLC, 100 Decker Ct Ste. 250",
              "x:City": "Irving",
              "x:MainDivision": "TX",
              "x:PostalCode": "75062",
              "x:Country": "USA"
            },
            "x:AdministrativeOrigin": {
              "x:StreetAddress1": "DOT Compliance Group LLC, 100 Decker Ct Ste. 250",
              "x:City": "Irving",
              "x:MainDivision": "TX",
              "x:PostalCode": "75062",
              "x:Country": "USA"
            }
          },
          "x:Customer": {
            "x:Destination": {
              "x:StreetAddress1": "27588 PEMBERTON DRIVE",
              "x:City": "SALISBURY",
              "x:MainDivision": "MD",
              "x:PostalCode": "21801",
              "x:Country": "USA"
            },
            "x:AdministrativeDestination": {
              "x:StreetAddress1": "27588 PEMBERTON DRIVE",
              "x:City": "SALISBURY",
              "x:MainDivision": "MD",
              "x:PostalCode": "21801",
              "x:Country": "USA"
            }
          },
          "x:LineItem": {
            "x:Product": "DCGP005",
            "x:Quantity": "1.0",
            "x:UnitPrice": "199.0",
            "x:ExtendedPrice": "199.0",
            "x:FlexibleFields": {
              "x:FlexibleCodeField": [
                {
                  "@fieldId": "1",
                  "#text": "DOT-No:3403280"
                },
                {
                  "@fieldId": "2",
                  "#text": "InvoiceID:405402"
                },
                {
                  "@fieldId": "3",
                  "#text": "TransID:62844632363"
                }
              ]
            }
          }
        }
      }
    }
  }
}