{
  "http://schemas.xmlsoap.org/soap/envelope/:Envelope": {
    "http://schemas.xmlsoap.org/soap/envelope/:Body": {
      "x:VertexEnvelope": {
        "x:Login": {
          "x:TrustedId": "2467795226957937"
        },
        "x:TaxAreaRequest": {
          "x:TaxAreaLookup": {
            "x:PostalAddress": {
              "x:City": "ALBANY",
              "x:MainDivision": "NY",
              "x:PostalCode": "12203-5121",
              "x:Country": "USA"
            }
          }
        }
      }
    }
  }
}