{
  "http://schemas.xmlsoap.org/soap/envelope/:Envelope": {
    "http://schemas.xmlsoap.org/soap/envelope/:Body": {
      "x:VertexEnvelope": {
        "x:Login": {
          "x:TrustedId": "1738948628459356"
        },
        "x:QuotationRequest": {
          "@documentDate": "2021-02-09",
          "@transactionId": "b726cfed-f782-4e83-8f93-dfcf6327f07e",
          "@transactionType": "SALE",
          "@xmlns": {
            "xsi": "http://www.w3.org/2001/XMLSchema-instance",
            "xsd": "http://www.w3.org/2001/XMLSchema",
            "": "urn:vertexinc:o-series:tps:7:0"
          },
          "x:LineItem": {
            "@lineItemNumber": "1",
            "x:Seller": {
              "x:Company": "1200",
              "x:Division": "1200"
            },
            "x:Customer": {
              "x:CustomerCode": null,
              "x:Destination": {
                "x:StreetAddress1": "369 Dale St",
                "x:StreetAddress2": "C",
                "x:City": "Chicopee",
                "x:MainDivision": "MA",
                "x:PostalCode": "01013"
              }
            },
            "x:Product": "1",
            "x:Quantity": "1",
            "x:ExtendedPrice": "9.99",
            "x:FlexibleFields": {
              "x:FlexibleCodeField": [
                {
                  "@fieldId": "1",
                  "#text": "0"
                },
                {
                  "@fieldId": "2",
                  "#text": "ECS"
                }
              ]
            }
          }
        }
      }
    }
  }
}