{
  "http://schemas.xmlsoap.org/soap/envelope/:Envelope": {
    "http://schemas.xmlsoap.org/soap/envelope/:Body": {
      "x:VertexEnvelope": {
        "x:Login": {
          "x:TrustedId": "3998310596563499"
        },
        "x:QuotationRequest": {
          "@documentDate": "2021-02-09",
          "@transactionType": "SALE",
          "@xmlns": {
            "soapenv": "http://schemas.xmlsoap.org/soap/envelope/",
            "xsd": "http://www.w3.org/2001/XMLSchema",
            "xsi": "http://www.w3.org/2001/XMLSchema-instance",
            "": "urn:vertexinc:o-series:tps:7:0"
          },
          "x:Seller": {
            "x:Company": "899",
            "x:PhysicalOrigin": {
              "x:City": "Groveport",
              "x:MainDivision": "OH",
              "x:PostalCode": "43215",
              "x:Country": "USA"
            },
            "x:AdministrativeOrigin": {
              "x:City": "Groveport",
              "x:MainDivision": "OH",
              "x:PostalCode": "43215",
              "x:Country": "USA"
            }
          },
          "x:Customer": null,
          "x:LineItem": [
            {
              "@lineItemId": "PRODUCT??0124735",
              "@lineItemNumber": "1",
              "x:Customer": {
                "x:Destination": {
                  "x:StreetAddress1": "8360 Northgate Ave Apt 201",
                  "x:City": "Canoga Park",
                  "x:MainDivision": "CA",
                  "x:PostalCode": "91304-3490",
                  "x:Country": "us"
                }
              },
              "x:Product": {
                "@productClass": "0850",
                "#text": "Green New York Sweatpants"
              },
              "x:Quantity": "1.0",
              "x:ExtendedPrice": "35.00",
              "x:Discount": {
                "x:DiscountAmount": "0.0"
              }
            },
            {
              "@lineItemId": "PRODUCT??1207158",
              "@lineItemNumber": "2",
              "x:Customer": {
                "x:Destination": {
                  "x:StreetAddress1": "8360 Northgate Ave Apt 201",
                  "x:City": "Canoga Park",
                  "x:MainDivision": "CA",
                  "x:PostalCode": "91304-3490",
                  "x:Country": "us"
                }
              },
              "x:Product": {
                "@productClass": "0702",
                "#text": "Al's Diner Souvenir T-Shirt"
              },
              "x:Quantity": "1.0",
              "x:ExtendedPrice": "23.00",
              "x:Discount": {
                "x:DiscountAmount": "0.0"
              }
            },
            {
              "@lineItemId": "PRODUCT??1152842",
              "@lineItemNumber": "3",
              "x:Customer": {
                "x:Destination": {
                  "x:StreetAddress1": "8360 Northgate Ave Apt 201",
                  "x:City": "Canoga Park",
                  "x:MainDivision": "CA",
                  "x:PostalCode": "91304-3490",
                  "x:Country": "us"
                }
              },
              "x:Product": {
                "@productClass": "0751",
                "#text": "New York Boyfriend Hoodie"
              },
              "x:Quantity": "1.0",
              "x:ExtendedPrice": "38.00",
              "x:Discount": {
                "x:DiscountAmount": "0.0"
              }
            },
            {
              "@lineItemId": "PRODUCT??1406008",
              "@lineItemNumber": "4",
              "x:Customer": {
                "x:Destination": {
                  "x:StreetAddress1": "8360 Northgate Ave Apt 201",
                  "x:City": "Canoga Park",
                  "x:MainDivision": "CA",
                  "x:PostalCode": "91304-3490",
                  "x:Country": "us"
                }
              },
              "x:Product": {
                "@productClass": "0740",
                "#text": "Light Blue Brett Turtleneck Top"
              },
              "x:Quantity": "1.0",
              "x:ExtendedPrice": "28.00",
              "x:Discount": {
                "x:DiscountAmount": "0.0"
              }
            },
            {
              "@lineItemId": "PRODUCT??1048362",
              "@lineItemNumber": "5",
              "x:Customer": {
                "x:Destination": {
                  "x:StreetAddress1": "8360 Northgate Ave Apt 201",
                  "x:City": "Canoga Park",
                  "x:MainDivision": "CA",
                  "x:PostalCode": "91304-3490",
                  "x:Country": "us"
                }
              },
              "x:Product": {
                "@productClass": "0751",
                "#text": "Dark Gray Crystal Hoodie"
              },
              "x:Quantity": "1.0",
              "x:ExtendedPrice": "28.00",
              "x:Discount": {
                "x:DiscountAmount": "0.0"
              }
            },
            {
              "@lineItemId": "SHIPPING??STANDARD_SHIPPING",
              "@lineItemNumber": "6",
              "x:Customer": {
                "x:Destination": {
                  "x:StreetAddress1": "8360 Northgate Ave Apt 201",
                  "x:City": "Canoga Park",
                  "x:MainDivision": "CA",
                  "x:PostalCode": "91304-3490",
                  "x:Country": "us"
                }
              },
              "x:Product": "SHP",
              "x:Quantity": "1.0",
              "x:ExtendedPrice": "20.00"
            }
          ]
        }
      }
    }
  }
}