{
  "http://schemas.xmlsoap.org/soap/envelope/:Envelope": {
    "http://schemas.xmlsoap.org/soap/envelope/:Header": null,
    "http://schemas.xmlsoap.org/soap/envelope/:Body": {
      "x:VertexEnvelope": {
        "x:Login": {
          "x:TrustedId": "7102830324822222"
        },
        "x:QuotationRequest": {
          "@returnAssistedParametersIndicator": "true",
          "@transactionType": "SALE",
          "@xmlns": {
            "SOAP-ENV": "http://schemas.xmlsoap.org/soap/envelope/",
            "ns2": "urn:vertexinc:o-series:tps:7:0"
          },
          "x:Currency": {
            "@isoCurrencyCodeAlpha": "USD"
          },
          "x:Seller": {
            "x:Company": "mercari-us"
          },
          "x:LineItem": {
            "@lineItemNumber": "1",
            "@taxIncludedIndicator": "false",
            "x:Customer": {
              "x:CustomerCode": "293659029",
              "x:Destination": {
                "x:StreetAddress1": "1768 Keith Hills Rd",
                "x:City": "Lillington",
                "x:MainDivision": "NC",
                "x:PostalCode": "27546-8267",
                "x:Country": "UNITED STATES"
              }
            },
            "x:Product": {
              "@productClass": "BOOKS_FOR_CHILDREN",
              "#text": "m37571335871"
            },
            "x:Quantity": "1.0",
            "x:UnitPrice": "35.0",
            "x:FlexibleFields": {
              "x:FlexibleCodeField": {
                "@fieldId": "1",
                "#text": "standard_item"
              },
              "x:FlexibleNumericField": {
                "@fieldId": "1",
                "#text": "1.0"
              }
            }
          }
        }
      }
    }
  }
}