{
  "http://schemas.xmlsoap.org/soap/envelope/:Envelope": {
    "http://schemas.xmlsoap.org/soap/envelope/:Header": null,
    "http://schemas.xmlsoap.org/soap/envelope/:Body": {
      "x:VertexEnvelope": {
        "x:Login": {
          "x:TrustedId": "0179501699931581"
        },
        "x:QuotationRequest": {
          "@documentDate": "2021-02-09-05:00",
          "@documentNumber": "US80094361",
          "@transactionType": "SALE",
          "@xmlns": {
            "S": "http://schemas.xmlsoap.org/soap/envelope/",
            "SOAP-ENV": "http://schemas.xmlsoap.org/soap/envelope/",
            "": "urn:vertexinc:o-series:tps:7:0"
          },
          "x:Currency": {
            "@isoCurrencyCodeAlpha": "USD"
          },
          "x:Seller": {
            "x:Company": "52-1237423",
            "x:PhysicalOrigin": {
              "x:StreetAddress1": "Sunrise Ave",
              "x:StreetAddress2": "601",
              "x:City": "Ridgely",
              "x:MainDivision": "Maryland",
              "x:PostalCode": "21660",
              "x:Country": "United States"
            }
          },
          "x:Customer": {
            "x:CustomerCode": "120001778024",
            "x:Destination": {
              "x:StreetAddress1": "268 S 800 W",
              "x:StreetAddress2": null,
              "x:City": "Arlington",
              "x:MainDivision": "Indiana",
              "x:PostalCode": "46104",
              "x:Country": "United States"
            }
          },
          "x:LineItem": [
            {
              "@lineItemNumber": "1",
              "x:Product": "77980",
              "x:Quantity": "2",
              "x:ExtendedPrice": "38.63",
              "x:Discount": {
                "x:DiscountAmount": "4.27"
              }
            },
            {
              "@lineItemNumber": "2",
              "x:Product": "78025",
              "x:Quantity": "2",
              "x:ExtendedPrice": "38.64",
              "x:Discount": {
                "x:DiscountAmount": "4.26"
              }
            },
            {
              "@lineItemNumber": "3",
              "x:Product": "77795",
              "x:Quantity": "2",
              "x:ExtendedPrice": "38.63",
              "x:Discount": {
                "x:DiscountAmount": "4.27"
              }
            },
            {
              "@lineItemNumber": "4",
              "x:Product": "77810",
              "x:Quantity": "1",
              "x:ExtendedPrice": "19.32",
              "x:Discount": {
                "x:DiscountAmount": "2.13"
              }
            },
            {
              "@lineItemNumber": "5",
              "x:Product": "77895",
              "x:Quantity": "2",
              "x:ExtendedPrice": "38.63",
              "x:Discount": {
                "x:DiscountAmount": "4.27"
              }
            },
            {
              "@lineItemNumber": "6",
              "x:Product": "78075",
              "x:Quantity": "2",
              "x:ExtendedPrice": "38.64",
              "x:Discount": {
                "x:DiscountAmount": "4.26"
              }
            },
            {
              "@lineItemNumber": "7",
              "x:Product": "78015",
              "x:Quantity": "2",
              "x:ExtendedPrice": "38.63",
              "x:Discount": {
                "x:DiscountAmount": "4.27"
              }
            },
            {
              "@lineItemNumber": "8",
              "x:Product": "78035",
              "x:Quantity": "1",
              "x:ExtendedPrice": "19.32",
              "x:Discount": {
                "x:DiscountAmount": "2.13"
              }
            },
            {
              "@lineItemNumber": "9",
              "x:Product": "78020",
              "x:Quantity": "1",
              "x:ExtendedPrice": "19.31",
              "x:Discount": {
                "x:DiscountAmount": "2.14"
              }
            },
            {
              "@lineItemNumber": "10",
              "x:Product": "53500",
              "x:Quantity": "1",
              "x:ExtendedPrice": "21.12",
              "x:Discount": {
                "x:DiscountAmount": "2.33"
              }
            },
            {
              "@lineItemNumber": "11",
              "x:Product": "77835",
              "x:Quantity": "1",
              "x:ExtendedPrice": "19.32",
              "x:Discount": {
                "x:DiscountAmount": "2.13"
              }
            },
            {
              "@lineItemNumber": "12",
              "x:Product": "63000",
              "x:ExtendedPrice": "0.00"
            }
          ]
        }
      }
    }
  }
}