{
  "http://schemas.xmlsoap.org/soap/envelope/:Envelope": {
    "http://schemas.xmlsoap.org/soap/envelope/:Body": {
      "x:VertexEnvelope": {
        "x:Login": {
          "x:TrustedId": "3998310596563499"
        },
        "x:QuotationRequest": {
          "@documentDate": "2021-02-09",
          "@transactionType": "SALE",
          "@xmlns": {
            "soapenv": "http://schemas.xmlsoap.org/soap/envelope/",
            "xsd": "http://www.w3.org/2001/XMLSchema",
            "xsi": "http://www.w3.org/2001/XMLSchema-instance",
            "": "urn:vertexinc:o-series:tps:7:0"
          },
          "x:Seller": {
            "x:Company": "899",
            "x:PhysicalOrigin": {
              "x:City": "Groveport",
              "x:MainDivision": "OH",
              "x:PostalCode": "43215",
              "x:Country": "USA"
            },
            "x:AdministrativeOrigin": {
              "x:City": "Groveport",
              "x:MainDivision": "OH",
              "x:PostalCode": "43215",
              "x:Country": "USA"
            }
          },
          "x:Customer": null,
          "x:LineItem": [
            {
              "@lineItemId": "PRODUCT??0315622",
              "@lineItemNumber": "1",
              "x:Customer": {
                "x:Destination": {
                  "x:City": "Miami",
                  "x:MainDivision": "FL",
                  "x:PostalCode": "33161",
                  "x:Country": "us"
                }
              },
              "x:Product": {
                "@productClass": "0530",
                "#text": "Gray & Purple 997 Sport Shoes"
              },
              "x:Quantity": "1.0",
              "x:ExtendedPrice": "77.00",
              "x:Discount": {
                "x:DiscountAmount": "33.0"
              }
            },
            {
              "@lineItemId": "PRODUCT??0566158",
              "@lineItemNumber": "2",
              "x:Customer": {
                "x:Destination": {
                  "x:City": "Miami",
                  "x:MainDivision": "FL",
                  "x:PostalCode": "33161",
                  "x:Country": "us"
                }
              },
              "x:Product": {
                "@productClass": "0530",
                "#text": "Black Sk8-Low Shoes"
              },
              "x:Quantity": "1.0",
              "x:ExtendedPrice": "42.00",
              "x:Discount": {
                "x:DiscountAmount": "18.0"
              }
            },
            {
              "@lineItemId": "SHIPPING??STANDARD_SHIPPING",
              "@lineItemNumber": "3",
              "x:Customer": {
                "x:Destination": {
                  "x:City": "Miami",
                  "x:MainDivision": "FL",
                  "x:PostalCode": "33161",
                  "x:Country": "us"
                }
              },
              "x:Product": "SHP",
              "x:Quantity": "1.0",
              "x:ExtendedPrice": "0.00",
              "x:Discount": {
                "x:DiscountAmount": "6.0"
              }
            }
          ]
        }
      }
    }
  }
}