{
  "http://schemas.xmlsoap.org/soap/envelope/:Envelope": {
    "http://schemas.xmlsoap.org/soap/envelope/:Header": null,
    "http://schemas.xmlsoap.org/soap/envelope/:Body": {
      "x:VertexEnvelope": {
        "x:Login": {
          "x:TrustedId": "9152594810598743"
        },
        "x:QuotationRequest": {
          "@documentNumber": "167547077",
          "@postingDate": "2021-02-09",
          "@transactionType": "SALE",
          "@xmlns": {
            "SOAP-ENV": "http://schemas.xmlsoap.org/soap/envelope/",
            "ns2": "urn:vertexinc:o-series:tps:7:0"
          },
          "x:Seller": {
            "x:Company": "212",
            "x:PhysicalOrigin": {
              "x:StreetAddress1": "170 SOLOMONS ISLAND RD N",
              "x:City": "PRINCE FREDERICK",
              "x:MainDivision": "MD",
              "x:PostalCode": "20678",
              "x:Country": "US"
            }
          },
          "x:LineItem": [
            {
              "@lineItemNumber": "1",
              "x:Customer": {
                "x:Destination": {
                  "x:StreetAddress1": "4239 Baden Drive",
                  "x:City": "Huntingtown",
                  "x:MainDivision": "MD",
                  "x:PostalCode": "20639",
                  "x:Country": "US"
                }
              },
              "x:Product": "MOBFEE_001",
              "x:Quantity": "1.0",
              "x:UnitPrice": "3.49"
            },
            {
              "@lineItemNumber": "2",
              "x:Customer": {
                "x:Destination": {
                  "x:StreetAddress1": "4239 Baden Drive",
                  "x:City": "Huntingtown",
                  "x:MainDivision": "MD",
                  "x:PostalCode": "20639",
                  "x:Country": "US"
                }
              },
              "x:Product": "MOBFEE_002",
              "x:Quantity": "1.0",
              "x:UnitPrice": "3.01"
            },
            {
              "@lineItemNumber": "3",
              "x:Customer": {
                "x:Destination": {
                  "x:StreetAddress1": "4239 Baden Drive",
                  "x:City": "Huntingtown",
                  "x:MainDivision": "MD",
                  "x:PostalCode": "20639",
                  "x:Country": "US"
                }
              },
              "x:Product": "MOBFEE_003",
              "x:Quantity": "1.0",
              "x:UnitPrice": "0.0"
            },
            {
              "@lineItemNumber": "4",
              "x:Customer": {
                "x:Destination": {
                  "x:StreetAddress1": "4239 Baden Drive",
                  "x:City": "Huntingtown",
                  "x:MainDivision": "MD",
                  "x:PostalCode": "20639",
                  "x:Country": "US"
                }
              },
              "x:Product": "MOB_DISCOUNT",
              "x:Quantity": "1.0",
              "x:UnitPrice": "0.0"
            },
            {
              "@lineItemNumber": "5",
              "x:Customer": {
                "x:Destination": {
                  "x:StreetAddress1": "4239 Baden Drive",
                  "x:City": "Huntingtown",
                  "x:MainDivision": "MD",
                  "x:PostalCode": "20639",
                  "x:Country": "US"
                }
              },
              "x:Product": "19100",
              "x:Quantity": {
                "@unitOfMeasure": "EA",
                "#text": "1.0"
              },
              "x:UnitPrice": "2.0770727848101265"
            },
            {
              "@lineItemNumber": "6",
              "x:Customer": {
                "x:Destination": {
                  "x:StreetAddress1": "4239 Baden Drive",
                  "x:City": "Huntingtown",
                  "x:MainDivision": "MD",
                  "x:PostalCode": "20639",
                  "x:Country": "US"
                }
              },
              "x:Product": "21100",
              "x:Quantity": {
                "@unitOfMeasure": "EA",
                "#text": "1.0"
              },
              "x:UnitPrice": "0.6250158227848102"
            },
            {
              "@lineItemNumber": "7",
              "x:Customer": {
                "x:Destination": {
                  "x:StreetAddress1": "4239 Baden Drive",
                  "x:City": "Huntingtown",
                  "x:MainDivision": "MD",
                  "x:PostalCode": "20639",
                  "x:Country": "US"
                }
              },
              "x:Product": "30022",
              "x:Quantity": {
                "@unitOfMeasure": "EA",
                "#text": "1.0"
              },
              "x:UnitPrice": "0.8775474683544304"
            },
            {
              "@lineItemNumber": "8",
              "x:Customer": {
                "x:Destination": {
                  "x:StreetAddress1": "4239 Baden Drive",
                  "x:City": "Huntingtown",
                  "x:MainDivision": "MD",
                  "x:PostalCode": "20639",
                  "x:Country": "US"
                }
              },
              "x:Product": "90050",
              "x:Quantity": {
                "@unitOfMeasure": "EA",
                "#text": "1.0"
              },
              "x:UnitPrice": "0.41036392405063293"
            },
            {
              "@lineItemNumber": "9",
              "x:Customer": {
                "x:Destination": {
                  "x:StreetAddress1": "4239 Baden Drive",
                  "x:City": "Huntingtown",
                  "x:MainDivision": "MD",
                  "x:PostalCode": "20639",
                  "x:Country": "US"
                }
              },
              "x:Product": "19050",
              "x:Quantity": {
                "@unitOfMeasure": "EA",
                "#text": "1.0"
              },
              "x:UnitPrice": "2.2678205128205127"
            },
            {
              "@lineItemNumber": "10",
              "x:Customer": {
                "x:Destination": {
                  "x:StreetAddress1": "4239 Baden Drive",
                  "x:City": "Huntingtown",
                  "x:MainDivision": "MD",
                  "x:PostalCode": "20639",
                  "x:Country": "US"
                }
              },
              "x:Product": "21100",
              "x:Quantity": {
                "@unitOfMeasure": "EA",
                "#text": "1.0"
              },
              "x:UnitPrice": "0.5626923076923077"
            },
            {
              "@lineItemNumber": "11",
              "x:Customer": {
                "x:Destination": {
                  "x:StreetAddress1": "4239 Baden Drive",
                  "x:City": "Huntingtown",
                  "x:MainDivision": "MD",
                  "x:PostalCode": "20639",
                  "x:Country": "US"
                }
              },
              "x:Product": "30022",
              "x:Quantity": {
                "@unitOfMeasure": "EA",
                "#text": "1.0"
              },
              "x:UnitPrice": "0.790042735042735"
            },
            {
              "@lineItemNumber": "12",
              "x:Customer": {
                "x:Destination": {
                  "x:StreetAddress1": "4239 Baden Drive",
                  "x:City": "Huntingtown",
                  "x:MainDivision": "MD",
                  "x:PostalCode": "20639",
                  "x:Country": "US"
                }
              },
              "x:Product": "90050",
              "x:Quantity": {
                "@unitOfMeasure": "EA",
                "#text": "1.0"
              },
              "x:UnitPrice": "0.36944444444444446"
            }
          ]
        }
      }
    }
  }
}