{
  "http://schemas.xmlsoap.org/soap/envelope/:Envelope": {
    "http://schemas.xmlsoap.org/soap/envelope/:Header": null,
    "http://schemas.xmlsoap.org/soap/envelope/:Body": {
      "x:VertexEnvelope": {
        "x:Login": {
          "x:TrustedId": "0179501699931581"
        },
        "x:QuotationRequest": {
          "@documentDate": "2021-02-09-05:00",
          "@documentNumber": "US80100501",
          "@transactionType": "SALE",
          "@xmlns": {
            "S": "http://schemas.xmlsoap.org/soap/envelope/",
            "SOAP-ENV": "http://schemas.xmlsoap.org/soap/envelope/",
            "": "urn:vertexinc:o-series:tps:7:0"
          },
          "x:Currency": {
            "@isoCurrencyCodeAlpha": "USD"
          },
          "x:Seller": {
            "x:Company": "52-1237423",
            "x:PhysicalOrigin": {
              "x:StreetAddress1": "Sunrise Ave",
              "x:StreetAddress2": "601",
              "x:City": "Ridgely",
              "x:MainDivision": "Maryland",
              "x:PostalCode": "21660",
              "x:Country": "United States"
            }
          },
          "x:Customer": {
            "x:CustomerCode": "120001151081",
            "x:Destination": {
              "x:StreetAddress1": "5055 Sundance Way",
              "x:StreetAddress2": null,
              "x:City": "Antioch",
              "x:MainDivision": "California",
              "x:PostalCode": "94531",
              "x:Country": "United States"
            }
          },
          "x:LineItem": [
            {
              "@lineItemNumber": "1",
              "x:Product": "HOLCRD",
              "x:Quantity": "55",
              "x:ExtendedPrice": "55.00"
            },
            {
              "@lineItemNumber": "2",
              "x:Product": "63000",
              "x:ExtendedPrice": "0.00"
            }
          ]
        }
      }
    }
  }
}