{
  "http://schemas.xmlsoap.org/soap/envelope/:Envelope": {
    "http://schemas.xmlsoap.org/soap/envelope/:Header": null,
    "http://schemas.xmlsoap.org/soap/envelope/:Body": {
      "x:VertexEnvelope": {
        "x:Login": {
          "x:TrustedId": "8105174526942882"
        },
        "x:InvoiceRequest": {
          "@documentDate": "2021-02-09",
          "@documentNumber": "W01005739589676",
          "@transactionType": "SALE",
          "@xmlns": {
            "SOAP-ENV": "http://schemas.xmlsoap.org/soap/envelope/",
            "ns2": "urn:vertexinc:o-series:tps:7:0"
          },
          "x:LineItem": [
            {
              "@lineItemId": "235283607_ITM",
              "@lineItemNumber": "235283607",
              "x:Seller": {
                "x:Company": "10",
                "x:PhysicalOrigin": {
                  "@taxAreaId": "330590000"
                }
              },
              "x:Customer": {
                "@isTaxExempt": "false",
                "x:Destination": {
                  "x:StreetAddress1": "10145 Fernwood Ave",
                  "x:City": "Stockton",
                  "x:MainDivision": "CA",
                  "x:PostalCode": "95212",
                  "x:Country": "USA"
                }
              },
              "x:Product": {
                "@productClass": "03",
                "#text": "104940MRDV4"
              },
              "x:Quantity": "1.0",
              "x:ExtendedPrice": "46.99",
              "x:FlexibleFields": {
                "x:FlexibleCodeField": [
                  {
                    "@fieldId": "1",
                    "#text": "Original"
                  },
                  {
                    "@fieldId": "2",
                    "#text": "WEB"
                  },
                  {
                    "@fieldId": "8",
                    "#text": "104940MRDV4"
                  },
                  {
                    "@fieldId": "9",
                    "#text": "1001"
                  },
                  {
                    "@fieldId": "11",
                    "#text": "GPT"
                  },
                  {
                    "@fieldId": "15",
                    "#text": "CA"
                  },
                  {
                    "@fieldId": "20",
                    "#text": "Esther Carlos"
                  },
                  {
                    "@fieldId": "21"
                  },
                  {
                    "@fieldId": "22",
                    "#text": "Stockton"
                  },
                  {
                    "@fieldId": "23",
                    "#text": "CA"
                  },
                  {
                    "@fieldId": "3",
                    "#text": "03"
                  }
                ],
                "x:FlexibleNumericField": {
                  "@fieldId": "3",
                  "#text": "1.0"
                }
              }
            },
            {
              "@lineItemId": "235283607_FRT",
              "@lineItemNumber": "235283607",
              "x:Seller": {
                "x:Company": "10",
                "x:PhysicalOrigin": {
                  "@taxAreaId": "330590000"
                }
              },
              "x:Customer": {
                "@isTaxExempt": "false",
                "x:Destination": {
                  "x:StreetAddress1": "10145 Fernwood Ave",
                  "x:City": "Stockton",
                  "x:MainDivision": "CA",
                  "x:PostalCode": "95212",
                  "x:Country": "USA"
                }
              },
              "x:Product": {
                "@productClass": "03",
                "#text": "FRT"
              },
              "x:ExtendedPrice": "17.98",
              "x:FlexibleFields": {
                "x:FlexibleCodeField": [
                  {
                    "@fieldId": "1",
                    "#text": "Original"
                  },
                  {
                    "@fieldId": "2",
                    "#text": "WEB"
                  },
                  {
                    "@fieldId": "8",
                    "#text": "104940MRDV4"
                  },
                  {
                    "@fieldId": "9",
                    "#text": "1001"
                  },
                  {
                    "@fieldId": "11",
                    "#text": "GPT"
                  },
                  {
                    "@fieldId": "15",
                    "#text": "CA"
                  },
                  {
                    "@fieldId": "20",
                    "#text": "Esther Carlos"
                  },
                  {
                    "@fieldId": "21"
                  },
                  {
                    "@fieldId": "22",
                    "#text": "Stockton"
                  },
                  {
                    "@fieldId": "23",
                    "#text": "CA"
                  },
                  {
                    "@fieldId": "3",
                    "#text": "03"
                  }
                ],
                "x:FlexibleNumericField": {
                  "@fieldId": "3",
                  "#text": "1.0"
                }
              }
            },
            {
              "@lineItemId": "285876067_ITM",
              "@lineItemNumber": "285876067",
              "x:Seller": {
                "x:Company": "10",
                "x:PhysicalOrigin": {
                  "@taxAreaId": "330590000"
                }
              },
              "x:Customer": {
                "@isTaxExempt": "false",
                "x:Destination": {
                  "x:StreetAddress1": "24032 Highcrest Dr",
                  "x:City": "Diamond Bar",
                  "x:MainDivision": "CA",
                  "x:PostalCode": "91765",
                  "x:Country": "USA"
                }
              },
              "x:Product": {
                "@productClass": "03",
                "#text": "104940MRDV4"
              },
              "x:Quantity": "1.0",
              "x:ExtendedPrice": "46.99",
              "x:FlexibleFields": {
                "x:FlexibleCodeField": [
                  {
                    "@fieldId": "1",
                    "#text": "Original"
                  },
                  {
                    "@fieldId": "2",
                    "#text": "WEB"
                  },
                  {
                    "@fieldId": "8",
                    "#text": "104940MRDV4"
                  },
                  {
                    "@fieldId": "9",
                    "#text": "1001"
                  },
                  {
                    "@fieldId": "11",
                    "#text": "GPT"
                  },
                  {
                    "@fieldId": "15",
                    "#text": "CA"
                  },
                  {
                    "@fieldId": "20",
                    "#text": "Sonia Carlos"
                  },
                  {
                    "@fieldId": "21"
                  },
                  {
                    "@fieldId": "22",
                    "#text": "Diamond Bar"
                  },
                  {
                    "@fieldId": "23",
                    "#text": "CA"
                  },
                  {
                    "@fieldId": "3",
                    "#text": "03"
                  }
                ],
                "x:FlexibleNumericField": {
                  "@fieldId": "3",
                  "#text": "2.0"
                }
              }
            },
            {
              "@lineItemId": "285876067_FRT",
              "@lineItemNumber": "285876067",
              "x:Seller": {
                "x:Company": "10",
                "x:PhysicalOrigin": {
                  "@taxAreaId": "330590000"
                }
              },
              "x:Customer": {
                "@isTaxExempt": "false",
                "x:Destination": {
                  "x:StreetAddress1": "24032 Highcrest Dr",
                  "x:City": "Diamond Bar",
                  "x:MainDivision": "CA",
                  "x:PostalCode": "91765",
                  "x:Country": "USA"
                }
              },
              "x:Product": {
                "@productClass": "03",
                "#text": "FRT"
              },
              "x:ExtendedPrice": "17.98",
              "x:FlexibleFields": {
                "x:FlexibleCodeField": [
                  {
                    "@fieldId": "1",
                    "#text": "Original"
                  },
                  {
                    "@fieldId": "2",
                    "#text": "WEB"
                  },
                  {
                    "@fieldId": "8",
                    "#text": "104940MRDV4"
                  },
                  {
                    "@fieldId": "9",
                    "#text": "1001"
                  },
                  {
                    "@fieldId": "11",
                    "#text": "GPT"
                  },
                  {
                    "@fieldId": "15",
                    "#text": "CA"
                  },
                  {
                    "@fieldId": "20",
                    "#text": "Sonia Carlos"
                  },
                  {
                    "@fieldId": "21"
                  },
                  {
                    "@fieldId": "22",
                    "#text": "Diamond Bar"
                  },
                  {
                    "@fieldId": "23",
                    "#text": "CA"
                  },
                  {
                    "@fieldId": "3",
                    "#text": "03"
                  }
                ],
                "x:FlexibleNumericField": {
                  "@fieldId": "3",
                  "#text": "2.0"
                }
              }
            }
          ]
        }
      }
    }
  }
}