{
  "http://schemas.xmlsoap.org/soap/envelope/:Envelope": {
    "http://schemas.xmlsoap.org/soap/envelope/:Body": {
      "x:VertexEnvelope": {
        "x:Login": {
          "x:TrustedId": "1738948628459356"
        },
        "x:QuotationRequest": {
          "@documentDate": "2021-02-09",
          "@transactionId": "cf35554f-7bd9-4643-9ef5-0da7e1e5d22a",
          "@transactionType": "SALE",
          "@xmlns": {
            "xsi": "http://www.w3.org/2001/XMLSchema-instance",
            "xsd": "http://www.w3.org/2001/XMLSchema",
            "": "urn:vertexinc:o-series:tps:7:0"
          },
          "x:LineItem": {
            "@lineItemNumber": "1",
            "x:Seller": {
              "x:Company": "1200",
              "x:Division": "1200"
            },
            "x:Customer": {
              "x:CustomerCode": null,
              "x:Destination": {
                "x:StreetAddress1": "512 E Illinois Ave",
                "x:StreetAddress2": null,
                "x:City": "Whitwell",
                "x:MainDivision": "TN",
                "x:PostalCode": "37397"
              }
            },
            "x:Product": "1",
            "x:Quantity": "1",
            "x:ExtendedPrice": "24.99",
            "x:FlexibleFields": {
              "x:FlexibleCodeField": [
                {
                  "@fieldId": "1",
                  "#text": "0"
                },
                {
                  "@fieldId": "2",
                  "#text": "ECS"
                }
              ]
            }
          }
        }
      }
    }
  }
}