{
  "http://schemas.xmlsoap.org/soap/envelope/:Envelope": {
    "http://schemas.xmlsoap.org/soap/envelope/:Body": {
      "x:VertexEnvelope": {
        "x:Login": {
          "x:TrustedId": "9065908875037580"
        },
        "x:QuotationRequest": {
          "@returnAssistedParametersIndicator": "true",
          "@deliveryTerm": "SUP",
          "@documentDate": "2021-02-09",
          "@transactionType": "SALE",
          "@xmlns": {
            "SOAP-ENV": "http://schemas.xmlsoap.org/soap/envelope/",
            "ns1": "urn:vertexinc:o-series:tps:7:0"
          },
          "x:Currency": {
            "@isoCurrencyCodeAlpha": "USD"
          },
          "x:Seller": {
            "x:Company": "BGIGroup",
            "x:PhysicalOrigin": {
              "x:StreetAddress1": "2065 Baker Way",
              "x:City": "Kennesaw",
              "x:MainDivision": "VT",
              "x:PostalCode": "30144",
              "x:Country": "USA"
            }
          },
          "x:Customer": {
            "x:CustomerCode": {
              "@classCode": "Retail Customer",
              "#text": "General"
            },
            "x:Destination": {
              "x:City": "Ball Ground",
              "x:MainDivision": "GA",
              "x:PostalCode": "30107",
              "x:Country": "USA"
            }
          },
          "x:LineItem": [
            {
              "@lineItemId": "sequence-1",
              "x:Product": {
                "@productClass": "Taxable Goods",
                "#text": "SW-3DB30"
              },
              "x:Quantity": "1",
              "x:UnitPrice": "284.75",
              "x:ExtendedPrice": "284.75"
            },
            {
              "@lineItemId": "sequence-2",
              "x:Product": {
                "@productClass": "Taxable Goods",
                "#text": "SW-BBC42"
              },
              "x:Quantity": "2",
              "x:UnitPrice": "214.25",
              "x:ExtendedPrice": "428.5"
            },
            {
              "@lineItemId": "sequence-3",
              "x:Product": {
                "@productClass": "Taxable Goods",
                "#text": "SW-BT9"
              },
              "x:Quantity": "1",
              "x:UnitPrice": "93.5",
              "x:ExtendedPrice": "93.5"
            },
            {
              "@lineItemId": "sequence-4",
              "x:Product": {
                "@productClass": "Taxable Goods",
                "#text": "SW-W2436"
              },
              "x:Quantity": "1",
              "x:UnitPrice": "157.75",
              "x:ExtendedPrice": "157.75"
            },
            {
              "@lineItemId": "sequence-5",
              "x:Product": {
                "@productClass": "Taxable Goods",
                "#text": "SW-W3015"
              },
              "x:Quantity": "2",
              "x:UnitPrice": "100.75",
              "x:ExtendedPrice": "201.5"
            },
            {
              "@lineItemId": "sequence-6",
              "x:Product": {
                "@productClass": "Taxable Goods",
                "#text": "SW-W331524"
              },
              "x:Quantity": "1",
              "x:UnitPrice": "133",
              "x:ExtendedPrice": "133"
            },
            {
              "@lineItemId": "sequence-7",
              "x:Product": {
                "@productClass": "Taxable Goods",
                "#text": "SW-WBC2736"
              },
              "x:Quantity": "2",
              "x:UnitPrice": "145.25",
              "x:ExtendedPrice": "290.5"
            },
            {
              "@lineItemId": "sequence-8",
              "x:Product": {
                "@productClass": "Taxable Goods",
                "#text": "SW-W3036"
              },
              "x:Quantity": "1",
              "x:UnitPrice": "184.75",
              "x:ExtendedPrice": "184.75"
            },
            {
              "@lineItemId": "sequence-9",
              "x:Product": {
                "@productClass": "Taxable Goods",
                "#text": "SW-W1536"
              },
              "x:Quantity": "1",
              "x:UnitPrice": "104.75",
              "x:ExtendedPrice": "104.75"
            },
            {
              "@lineItemId": "sequence-10",
              "x:Product": {
                "@productClass": "Taxable Goods",
                "#text": "SW-F396"
              },
              "x:Quantity": "3",
              "x:UnitPrice": "35.5",
              "x:ExtendedPrice": "106.5"
            },
            {
              "@lineItemId": "sequence-11",
              "x:Product": {
                "@productClass": "Taxable Goods",
                "#text": "SW-REPV3096"
              },
              "x:Quantity": "1",
              "x:UnitPrice": "103.75",
              "x:ExtendedPrice": "103.75"
            },
            {
              "@lineItemId": "sequence-12",
              "x:Product": {
                "@productClass": "Taxable Goods",
                "#text": "SW-WSV42"
              },
              "x:Quantity": "1",
              "x:UnitPrice": "9.5",
              "x:ExtendedPrice": "9.5"
            },
            {
              "@lineItemId": "sequence-13",
              "x:Product": {
                "@productClass": "Taxable Goods",
                "#text": "SW-TKC"
              },
              "x:Quantity": "3",
              "x:UnitPrice": "13.25",
              "x:ExtendedPrice": "39.75"
            },
            {
              "@lineItemId": "sequence-14",
              "x:Product": {
                "@productClass": "Taxable Goods",
                "#text": "SW-W0936"
              },
              "x:Quantity": "1",
              "x:UnitPrice": "78.5",
              "x:ExtendedPrice": "78.5"
            },
            {
              "@lineItemId": "sequence-15",
              "x:Product": {
                "@productClass": "Taxable Goods",
                "#text": "SW-SB33"
              },
              "x:Quantity": "1",
              "x:UnitPrice": "199.75",
              "x:ExtendedPrice": "199.75"
            },
            {
              "@lineItemId": "sequence-16",
              "x:Product": {
                "@productClass": "Taxable Goods",
                "#text": "SW-W1236"
              },
              "x:Quantity": "1",
              "x:UnitPrice": "90.5",
              "x:ExtendedPrice": "90.5"
            },
            {
              "@lineItemId": "shipping",
              "x:Product": {
                "@productClass": "None",
                "#text": "_"
              },
              "x:Quantity": "1",
              "x:UnitPrice": "0",
              "x:ExtendedPrice": "0"
            }
          ]
        }
      }
    }
  }
}