{
  "http://schemas.xmlsoap.org/soap/envelope/:Envelope": {
    "http://schemas.xmlsoap.org/soap/envelope/:Header": null,
    "http://schemas.xmlsoap.org/soap/envelope/:Body": {
      "x:VertexEnvelope": {
        "x:Login": {
          "x:TrustedId": "4331280839553103"
        },
        "x:QuotationRequest": {
          "@transactionType": "RENTAL",
          "@xmlns": {
            "SOAP-ENV": "http://schemas.xmlsoap.org/soap/envelope/",
            "ns2": "urn:vertexinc:o-series:tps:7:0"
          },
          "x:Seller": {
            "x:Company": "Caastle-Prod",
            "x:AdministrativeOrigin": {
              "x:StreetAddress1": "5 Penn Plaza",
              "x:StreetAddress2": "4th Floor",
              "x:City": "New York",
              "x:MainDivision": "NY",
              "x:PostalCode": "10001",
              "x:Country": "US"
            }
          },
          "x:Customer": {
            "x:Destination": {
              "x:PostalCode": "64111"
            }
          },
          "x:LineItem": {
            "x:Product": {
              "@productClass": "Clothing",
              "#text": "Generic Clothing"
            },
            "x:Quantity": "4.0",
            "x:ExtendedPrice": "79.0",
            "x:FlexibleFields": {
              "x:FlexibleCodeField": [
                {
                  "@fieldId": "1",
                  "#text": "15000"
                },
                {
                  "@fieldId": "5",
                  "#text": "SUBSCRIPTION"
                }
              ]
            }
          }
        }
      }
    }
  }
}