{
  "http://schemas.xmlsoap.org/soap/envelope/:Envelope": {
    "http://schemas.xmlsoap.org/soap/envelope/:Header": null,
    "http://schemas.xmlsoap.org/soap/envelope/:Body": {
      "x:VertexEnvelope": {
        "x:Login": {
          "x:TrustedId": "1235769293676012"
        },
        "x:QuotationRequest": {
          "@documentDate": "2021-02-09",
          "@documentNumber": "DWC-QUOTE",
          "@transactionType": "SALE",
          "@xmlns": {
            "SOAP-ENV": "http://schemas.xmlsoap.org/soap/envelope/",
            "ns2": "urn:vertexinc:o-series:tps:7:0"
          },
          "x:Currency": {
            "@isoCurrencyCodeAlpha": "CAD"
          },
          "x:Seller": {
            "x:Company": "2000",
            "x:PhysicalOrigin": {
              "x:StreetAddress1": "1750 Innes Rd",
              "x:City": "Gloucester",
              "x:MainDivision": "ON",
              "x:PostalCode": "K1B 3K5",
              "x:Country": "CA"
            },
            "x:AdministrativeOrigin": {
              "x:StreetAddress1": "1750 Innes Rd",
              "x:City": "Gloucester",
              "x:MainDivision": "ON",
              "x:PostalCode": "K1B 3K5",
              "x:Country": "CA"
            }
          },
          "x:LineItem": [
            {
              "@lineItemId": "3c3f4504d7d140a5eb3ffcbae8",
              "@lineItemNumber": "1",
              "@taxIncludedIndicator": "false",
              "x:Customer": {
                "x:CustomerCode": null,
                "x:Destination": {
                  "@locationCode": "2009"
                }
              },
              "x:Product": {
                "@productClass": "P0000000",
                "#text": "5288676"
              },
              "x:Quantity": {
                "@unitOfMeasure": "EA",
                "#text": "1.0"
              },
              "x:ExtendedPrice": "59.99",
              "x:FlexibleFields": {
                "x:FlexibleCodeField": {
                  "@fieldId": "8",
                  "#text": "ADULT DOG CHICKEN 26-LB LPF           22"
                }
              }
            },
            {
              "@lineItemId": "e3175c263ebc4dd50a6e3f87c6",
              "@lineItemNumber": "2",
              "@taxIncludedIndicator": "false",
              "x:Customer": {
                "x:CustomerCode": null,
                "x:Destination": {
                  "@locationCode": "2009"
                }
              },
              "x:Product": {
                "@productClass": "PP051195",
                "#text": "5302866"
              },
              "x:Quantity": {
                "@unitOfMeasure": "EA",
                "#text": "2.0"
              },
              "x:ExtendedPrice": "31.98",
              "x:FlexibleFields": {
                "x:FlexibleCodeField": {
                  "@fieldId": "8",
                  "#text": "BLUE BITS CHICKEN 16 OZ DOG           22"
                }
              }
            },
            {
              "@lineItemId": "92a3e901811614fa886f45ae55",
              "@lineItemNumber": "3",
              "@taxIncludedIndicator": "false",
              "x:Customer": {
                "x:CustomerCode": null,
                "x:Destination": {
                  "x:StreetAddress1": "12 William Kitchen Drive",
                  "x:City": "Scarborough",
                  "x:MainDivision": "ON",
                  "x:PostalCode": "M1P 5B7",
                  "x:Country": "CA"
                }
              },
              "x:Product": {
                "@productClass": "FR020100",
                "#text": "STANDARD_SHIPPING"
              },
              "x:Quantity": {
                "@unitOfMeasure": "EA",
                "#text": "1.0"
              },
              "x:ExtendedPrice": "0.0",
              "x:FlexibleFields": {
                "x:FlexibleCodeField": {
                  "@fieldId": "8",
                  "#text": "Shipping"
                }
              }
            }
          ]
        }
      }
    }
  }
}