{
  "http://schemas.xmlsoap.org/soap/envelope/:Envelope": {
    "http://schemas.xmlsoap.org/soap/envelope/:Header": null,
    "http://schemas.xmlsoap.org/soap/envelope/:Body": {
      "x:VertexEnvelope": {
        "x:Login": {
          "x:TrustedId": "8105174526942882"
        },
        "x:QuotationRequest": {
          "@documentDate": "2021-02-09",
          "@documentNumber": "W01005739579442",
          "@transactionType": "SALE",
          "@xmlns": {
            "SOAP-ENV": "http://schemas.xmlsoap.org/soap/envelope/",
            "ns2": "urn:vertexinc:o-series:tps:7:0"
          },
          "x:LineItem": [
            {
              "@lineItemId": "248705225_ITM",
              "@lineItemNumber": "248705225",
              "x:Seller": {
                "x:Company": "10",
                "x:PhysicalOrigin": {
                  "@taxAreaId": "330590000"
                }
              },
              "x:Customer": {
                "@isTaxExempt": "false",
                "x:Destination": {
                  "x:StreetAddress1": "2551 North Armistead Ave",
                  "x:City": "Hampton",
                  "x:MainDivision": "VA",
                  "x:PostalCode": "23666",
                  "x:Country": "USA"
                }
              },
              "x:Product": {
                "@productClass": "03",
                "#text": "174292M"
              },
              "x:Quantity": "1.0",
              "x:ExtendedPrice": "59.99",
              "x:FlexibleFields": {
                "x:FlexibleCodeField": [
                  {
                    "@fieldId": "1",
                    "#text": "Original"
                  },
                  {
                    "@fieldId": "2",
                    "#text": "WEB"
                  },
                  {
                    "@fieldId": "8",
                    "#text": "174292M"
                  },
                  {
                    "@fieldId": "9",
                    "#text": "1001"
                  },
                  {
                    "@fieldId": "11",
                    "#text": "FPT"
                  },
                  {
                    "@fieldId": "15",
                    "#text": "VA"
                  },
                  {
                    "@fieldId": "20",
                    "#text": "Carlton Lundy"
                  },
                  {
                    "@fieldId": "21",
                    "#text": "Parklawn-Wood Funeral Home"
                  },
                  {
                    "@fieldId": "22",
                    "#text": "Hampton"
                  },
                  {
                    "@fieldId": "23",
                    "#text": "VA"
                  },
                  {
                    "@fieldId": "3",
                    "#text": "03"
                  }
                ],
                "x:FlexibleNumericField": {
                  "@fieldId": "3",
                  "#text": "1.0"
                }
              }
            },
            {
              "@lineItemId": "248705225_FRT",
              "@lineItemNumber": "248705225",
              "x:Seller": {
                "x:Company": "10",
                "x:PhysicalOrigin": {
                  "@taxAreaId": "330590000"
                }
              },
              "x:Customer": {
                "@isTaxExempt": "false",
                "x:Destination": {
                  "x:StreetAddress1": "2551 North Armistead Ave",
                  "x:City": "Hampton",
                  "x:MainDivision": "VA",
                  "x:PostalCode": "23666",
                  "x:Country": "USA"
                }
              },
              "x:Product": {
                "@productClass": "03",
                "#text": "FRT"
              },
              "x:ExtendedPrice": "14.99",
              "x:FlexibleFields": {
                "x:FlexibleCodeField": [
                  {
                    "@fieldId": "1",
                    "#text": "Original"
                  },
                  {
                    "@fieldId": "2",
                    "#text": "WEB"
                  },
                  {
                    "@fieldId": "8",
                    "#text": "174292M"
                  },
                  {
                    "@fieldId": "9",
                    "#text": "1001"
                  },
                  {
                    "@fieldId": "11",
                    "#text": "FPT"
                  },
                  {
                    "@fieldId": "15",
                    "#text": "VA"
                  },
                  {
                    "@fieldId": "20",
                    "#text": "Carlton Lundy"
                  },
                  {
                    "@fieldId": "21",
                    "#text": "Parklawn-Wood Funeral Home"
                  },
                  {
                    "@fieldId": "22",
                    "#text": "Hampton"
                  },
                  {
                    "@fieldId": "23",
                    "#text": "VA"
                  },
                  {
                    "@fieldId": "3",
                    "#text": "03"
                  }
                ],
                "x:FlexibleNumericField": {
                  "@fieldId": "3",
                  "#text": "1.0"
                }
              }
            }
          ]
        }
      }
    }
  }
}