{
  "http://schemas.xmlsoap.org/soap/envelope/:Envelope": {
    "http://schemas.xmlsoap.org/soap/envelope/:Header": null,
    "http://schemas.xmlsoap.org/soap/envelope/:Body": {
      "x:VertexEnvelope": {
        "x:Login": {
          "x:TrustedId": "1640705084513650"
        },
        "x:QuotationRequest": {
          "@transactionType": "SALE",
          "@documentDate": "2021-02-09",
          "@documentNumber": "32212343-003",
          "@xmlns": {
            "soapenv": "http://schemas.xmlsoap.org/soap/envelope/",
            "": "urn:vertexinc:o-series:tps:7:0"
          },
          "x:Seller": {
            "x:Company": "CHSProd",
            "x:PhysicalOrigin": {
              "x:StreetAddress1": "917 Jack Burlingame Drive",
              "x:StreetAddress2": null,
              "x:City": "Millwood",
              "x:MainDivision": "WV",
              "x:PostalCode": "25262",
              "x:Country": "USA"
            }
          },
          "x:Customer": {
            "x:CustomerCode": {
              "@classCode": "NULL",
              "#text": "392597"
            },
            "x:Destination": {
              "x:StreetAddress1": "115 SUMMERS HOSPITAL ROAD",
              "x:StreetAddress2": null,
              "x:City": "HINTON",
              "x:MainDivision": "WV",
              "x:PostalCode": "25951-5172",
              "x:Country": "USA"
            }
          },
          "x:LineItem": {
            "@lineItemNumber": "10",
            "@locationCode": "RIPL",
            "x:Product": "06130104",
            "x:Quantity": "6.00",
            "x:UnitPrice": "10.5500",
            "x:ExtendedPrice": "63.3000",
            "x:FlexibleFields": {
              "x:FlexibleCodeField": [
                {
                  "@fieldId": "3",
                  "#text": "117553"
                },
                {
                  "@fieldId": "4",
                  "#text": "NEEDLE HYPODERMIC 18GX1 1/2IN"
                },
                {
                  "@fieldId": "5",
                  "#text": "ARH-SUMMERS COUNTY"
                },
                {
                  "@fieldId": "6",
                  "#text": "92"
                }
              ]
            }
          }
        }
      }
    }
  }
}