{
  "http://schemas.xmlsoap.org/soap/envelope/:Envelope": {
    "http://schemas.xmlsoap.org/soap/envelope/:Body": {
      "x:VertexEnvelope": {
        "x:Login": {
          "x:TrustedId": "2028034077290175"
        },
        "x:QuotationRequest": {
          "@returnAssistedParametersIndicator": "true",
          "@deliveryTerm": "SUP",
          "@documentDate": "2021-02-09",
          "@transactionType": "SALE",
          "@xmlns": {
            "SOAP-ENV": "http://schemas.xmlsoap.org/soap/envelope/",
            "ns1": "urn:vertexinc:o-series:tps:7:0"
          },
          "x:Currency": {
            "@isoCurrencyCodeAlpha": "USD"
          },
          "x:Seller": {
            "x:Company": "01",
            "x:PhysicalOrigin": {
              "x:StreetAddress1": "14 Campus Boulevard",
              "x:City": "Newtown Square",
              "x:MainDivision": "PA",
              "x:PostalCode": "19073",
              "x:Country": "USA"
            }
          },
          "x:Customer": {
            "x:CustomerCode": {
              "@classCode": "Retail Customer",
              "#text": "General"
            },
            "x:Destination": {
              "x:StreetAddress1": "2911 Walnut Street",
              "x:City": "Denver",
              "x:MainDivision": "CO",
              "x:PostalCode": "80205",
              "x:Country": "USA"
            }
          },
          "x:LineItem": [
            {
              "@lineItemId": "sequence-2",
              "x:Product": {
                "@productClass": "CERTIFICAT",
                "#text": "6700056"
              },
              "x:Quantity": "1",
              "x:UnitPrice": "495",
              "x:ExtendedPrice": "495",
              "x:FlexibleFields": {
                "x:FlexibleCodeField": [
                  {
                    "@fieldId": "3",
                    "#text": "Exam"
                  },
                  {
                    "@fieldId": "5",
                    "#text": "USD"
                  },
                  {
                    "@fieldId": "8",
                    "#text": "65.113.228.66"
                  },
                  {
                    "@fieldId": "9",
                    "#text": "USA"
                  },
                  {
                    "@fieldId": "10",
                    "#text": "CO"
                  },
                  {
                    "@fieldId": "11",
                    "#text": "USA"
                  },
                  {
                    "@fieldId": "12",
                    "#text": "Colorado"
                  },
                  {
                    "@fieldId": "13",
                    "#text": "Denver"
                  },
                  {
                    "@fieldId": "14",
                    "#text": "80205"
                  },
                  {
                    "@fieldId": "15",
                    "#text": "6708168"
                  },
                  {
                    "@fieldId": "3",
                    "#text": "6708168"
                  }
                ]
              }
            },
            {
              "@lineItemId": "shipping",
              "x:Product": {
                "@productClass": "SHIPPING",
                "#text": "zeroshipping_zeroshipping"
              },
              "x:Quantity": "1",
              "x:UnitPrice": "0",
              "x:ExtendedPrice": "0"
            }
          ]
        }
      }
    }
  }
}