{
  "http://schemas.xmlsoap.org/soap/envelope/:Envelope": {
    "http://schemas.xmlsoap.org/soap/envelope/:Body": {
      "x:VertexEnvelope": {
        "x:Login": {
          "x:UserName": "6250271283870425",
          "x:Password": "6250271283870425"
        },
        "x:QuotationRequest": {
          "@transactionType": "SALE",
          "@returnGeneratedLineItemsIndicator": "true",
          "@returnAssistedParametersIndicator": "true",
          "@documentDate": "2021-02-09",
          "@documentNumber": "0000187279",
          "@documentType": "C",
          "@xmlns": {
            "soap": "http://schemas.xmlsoap.org/soap/envelope/",
            "": "urn:vertexinc:o-series:tps:7:0"
          },
          "x:Currency": {
            "@isoCurrencyCodeAlpha": "USD"
          },
          "x:Seller": {
            "x:Company": "PC01"
          },
          "x:LineItem": {
            "@lineItemNumber": "000040",
            "@transactionType": "SALE",
            "@lineItemId": "000001",
            "@taxDate": "2021-02-09",
            "@materialCode": "21191",
            "x:Seller": {
              "x:Company": "PC01",
              "x:PhysicalOrigin": {
                "@taxAreaId": "030130250"
              },
              "x:AdministrativeOrigin": {
                "@taxAreaId": "030130250"
              }
            },
            "x:Customer": {
              "x:CustomerCode": {
                "@classCode": "10",
                "#text": "0010006251"
              },
              "x:Destination": {
                "@taxAreaId": "231631340"
              },
              "x:AdministrativeDestination": {
                "@taxAreaId": "231631340"
              }
            },
            "x:Product": {
              "@productClass": "T04",
              "#text": "21191"
            },
            "x:Quantity": {
              "@unitOfMeasure": "EA",
              "#text": "3"
            },
            "x:Volume": "0002",
            "x:ExtendedPrice": "69",
            "x:FlexibleFields": {
              "x:FlexibleCodeField": [
                {
                  "@fieldId": "1",
                  "#text": "10 PC01 PC01"
                },
                {
                  "@fieldId": "14",
                  "#text": "vhshpmr9ci"
                }
              ],
              "x:FlexibleNumericField": {
                "@fieldId": "1",
                "#text": "2.702"
              }
            }
          }
        },
        "x:ApplicationData": {
          "x:Sender": "MR9-100"
        }
      }
    }
  }
}