{
  "http://schemas.xmlsoap.org/soap/envelope/:Envelope": {
    "http://schemas.xmlsoap.org/soap/envelope/:Body": {
      "x:VertexEnvelope": {
        "x:Login": {
          "x:TrustedId": "4918181244406752"
        },
        "x:QuotationRequest": {
          "@documentNumber": "PENDING_ORDER_3560517",
          "@documentDate": "2021-02-09Z",
          "@transactionType": "SALE",
          "@xmlns": {
            "S": "http://schemas.xmlsoap.org/soap/envelope/",
            "": "urn:vertexinc:o-series:tps:7:0"
          },
          "x:Seller": {
            "x:Company": "001",
            "x:PhysicalOrigin": {
              "x:City": "Westampton",
              "x:MainDivision": "NJ",
              "x:PostalCode": "080605652",
              "x:Country": "USA"
            }
          },
          "x:Customer": {
            "x:CustomerCode": "3560517",
            "x:Destination": {
              "x:StreetAddress1": "193 Windward Ln",
              "x:City": "Ormond Beach",
              "x:MainDivision": "FL",
              "x:PostalCode": "321760000",
              "x:Country": "USA"
            }
          },
          "x:LineItem": [
            {
              "@lineItemNumber": "1",
              "x:Product": {
                "@productClass": "Groceries"
              },
              "x:Quantity": {
                "@unitOfMeasure": "EA",
                "#text": "1"
              },
              "x:UnitPrice": "96.88",
              "x:ExtendedPrice": "96.88"
            },
            {
              "@lineItemNumber": "2",
              "x:Product": {
                "@productClass": "NutritionalBar"
              },
              "x:Quantity": {
                "@unitOfMeasure": "EA",
                "#text": "1"
              },
              "x:UnitPrice": "16.30",
              "x:ExtendedPrice": "16.30"
            },
            {
              "@lineItemNumber": "3",
              "x:Product": {
                "@productClass": "Freight"
              },
              "x:Quantity": {
                "@unitOfMeasure": "EA",
                "#text": "1"
              },
              "x:UnitPrice": "7.67",
              "x:ExtendedPrice": "7.67"
            }
          ]
        }
      }
    }
  }
}