{
  "http://schemas.xmlsoap.org/soap/envelope/:Envelope": {
    "http://schemas.xmlsoap.org/soap/envelope/:Body": {
      "x:VertexEnvelope": {
        "x:Login": {
          "x:TrustedId": "8061508724204636"
        },
        "x:QuotationRequest": {
          "@postingDate": "2021-02-09 13:59:01",
          "@documentDate": "2021-02-09 13:59:01",
          "@transactionType": "SALE",
          "@xmlns": {
            "SOAP-ENV": "http://schemas.xmlsoap.org/soap/envelope/",
            "ns1": "urn:vertexinc:o-series:tps:7:0"
          },
          "x:LineItem": [
            {
              "@lineItemNumber": "1",
              "@locationCode": "",
              "@lineItemId": "",
              "x:Seller": {
                "x:Company": "LD Products Inc",
                "x:Department": "LDPRODUCT0XYZZZA12111212012",
                "x:PhysicalOrigin": {
                  "x:StreetAddress1": "3700 Cover St",
                  "x:StreetAddress2": null,
                  "x:City": "Long Beach",
                  "x:MainDivision": "CA",
                  "x:PostalCode": "90808",
                  "x:Country": "USA"
                }
              },
              "x:Customer": {
                "x:CustomerCode": {
                  "@classCode": "Retail Customer",
                  "#text": "7194419"
                },
                "x:Destination": {
                  "x:StreetAddress1": "29 N Curtisville Rd",
                  "x:City": "Concord",
                  "x:MainDivision": "MA",
                  "x:PostalCode": "0810",
                  "x:Country": "USA"
                }
              },
              "x:Product": {
                "@productClass": "Taxable Goods",
                "#text": "TN450"
              },
              "x:Quantity": "1",
              "x:UnitPrice": "10",
              "x:ExtendedPrice": "10.000",
              "x:FlexibleFields": {
                "x:FlexibleCodeField": {
                  "@fieldId": "4"
                }
              }
            },
            {
              "@lineItemNumber": "2",
              "@locationCode": "",
              "@lineItemId": "shipping",
              "x:Seller": {
                "x:Company": "LD Products Inc",
                "x:Department": "LDPRODUCT0XYZZZA12111212012",
                "x:PhysicalOrigin": {
                  "x:StreetAddress1": "3700 Cover St",
                  "x:StreetAddress2": null,
                  "x:City": "Long Beach",
                  "x:MainDivision": "CA",
                  "x:PostalCode": "90808",
                  "x:Country": "USA"
                }
              },
              "x:Customer": {
                "x:CustomerCode": {
                  "@classCode": "Retail Customer",
                  "#text": "7194419"
                },
                "x:Destination": {
                  "x:StreetAddress1": "29 N Curtisville Rd",
                  "x:City": "Concord",
                  "x:MainDivision": "MA",
                  "x:PostalCode": "0810",
                  "x:Country": "USA"
                }
              },
              "x:Product": {
                "@productClass": "Shipping",
                "#text": "FREIGHT"
              },
              "x:Quantity": "1",
              "x:UnitPrice": "4.95",
              "x:ExtendedPrice": "4.950",
              "x:FlexibleFields": {
                "x:FlexibleCodeField": {
                  "@fieldId": "4"
                }
              }
            }
          ]
        }
      }
    }
  }
}