{
  "http://schemas.xmlsoap.org/soap/envelope/:Envelope": {
    "http://schemas.xmlsoap.org/soap/envelope/:Body": {
      "x:VertexEnvelope": {
        "x:Login": {
          "x:TrustedId": "6934933511077584"
        },
        "x:QuotationRequest": {
          "@returnAssistedParametersIndicator": "true",
          "@deliveryTerm": "SUP",
          "@documentDate": "2021-02-09",
          "@transactionType": "SALE",
          "@xmlns": {
            "SOAP-ENV": "http://schemas.xmlsoap.org/soap/envelope/",
            "ns1": "urn:vertexinc:o-series:tps:7:0"
          },
          "x:Currency": {
            "@isoCurrencyCodeAlpha": "USD"
          },
          "x:Seller": {
            "x:Company": "BP01",
            "x:PhysicalOrigin": {
              "x:StreetAddress1": "10855 S River Front Pkwy Ste 300",
              "x:City": "South Jordan",
              "x:MainDivision": "UT",
              "x:PostalCode": "84095",
              "x:Country": "USA"
            }
          },
          "x:Customer": {
            "x:CustomerCode": {
              "@classCode": "Retail Customer",
              "#text": "General"
            },
            "x:Destination": {
              "x:StreetAddress1": "1101 York Ave",
              "x:City": "Corpus Christi",
              "x:MainDivision": "TX",
              "x:PostalCode": "78404",
              "x:Country": "USA"
            }
          },
          "x:LineItem": [
            {
              "@lineItemId": "sequence-1",
              "x:Product": {
                "@productClass": "Taxable Goods",
                "#text": "2003741"
              },
              "x:Quantity": "2",
              "x:UnitPrice": "4.995",
              "x:ExtendedPrice": "9"
            },
            {
              "@lineItemId": "sequence-2",
              "x:Product": {
                "@productClass": "Taxable Goods",
                "#text": "2007259"
              },
              "x:Quantity": "1",
              "x:UnitPrice": "4.19",
              "x:ExtendedPrice": "3.77"
            },
            {
              "@lineItemId": "sequence-3",
              "x:Product": {
                "@productClass": "Taxable Goods",
                "#text": "2005878"
              },
              "x:Quantity": "1",
              "x:UnitPrice": "5.995",
              "x:ExtendedPrice": "5.4"
            },
            {
              "@lineItemId": "sequence-4",
              "x:Product": {
                "@productClass": "Taxable Goods",
                "#text": "2003717"
              },
              "x:Quantity": "1",
              "x:UnitPrice": "5.99",
              "x:ExtendedPrice": "5.39"
            },
            {
              "@lineItemId": "sequence-5",
              "x:Product": {
                "@productClass": "Taxable Goods",
                "#text": "2005491"
              },
              "x:Quantity": "1",
              "x:UnitPrice": "9.245",
              "x:ExtendedPrice": "8.33"
            },
            {
              "@lineItemId": "sequence-6",
              "x:Product": {
                "@productClass": "Taxable Goods",
                "#text": "2005876"
              },
              "x:Quantity": "1",
              "x:UnitPrice": "5.995",
              "x:ExtendedPrice": "5.4"
            },
            {
              "@lineItemId": "sequence-7",
              "x:Product": {
                "@productClass": "Taxable Goods",
                "#text": "ep2-9x9-mint-starter"
              },
              "x:Quantity": "1",
              "x:UnitPrice": "209.9899822",
              "x:ExtendedPrice": "188.99"
            },
            {
              "@lineItemId": "sequence-8",
              "x:Product": {
                "@productClass": "Taxable Goods",
                "#text": "8001527"
              },
              "x:Quantity": "1",
              "x:UnitPrice": "54.99",
              "x:ExtendedPrice": "49.49"
            },
            {
              "@lineItemId": "sequence-9",
              "x:Product": {
                "@productClass": "Taxable Goods",
                "#text": "2004504"
              },
              "x:Quantity": "1",
              "x:UnitPrice": "12.99",
              "x:ExtendedPrice": "11.69"
            },
            {
              "@lineItemId": "sequence-10",
              "x:Product": {
                "@productClass": "Taxable Goods",
                "#text": "2004506"
              },
              "x:Quantity": "2",
              "x:UnitPrice": "3.2475",
              "x:ExtendedPrice": "5.85"
            },
            {
              "@lineItemId": "shipping",
              "x:Product": {
                "@productClass": "Shipping",
                "#text": "amstrates_amstrates1"
              },
              "x:Quantity": "1",
              "x:UnitPrice": "12",
              "x:ExtendedPrice": "12"
            }
          ]
        }
      }
    }
  }
}