{
  "http://schemas.xmlsoap.org/soap/envelope/:Envelope": {
    "http://schemas.xmlsoap.org/soap/envelope/:Header": null,
    "http://schemas.xmlsoap.org/soap/envelope/:Body": {
      "x:VertexEnvelope": {
        "x:Login": {
          "x:TrustedId": "8105174526942882"
        },
        "x:QuotationRequest": {
          "@documentDate": "2021-02-09",
          "@documentNumber": "W01005739592288",
          "@transactionType": "SALE",
          "@xmlns": {
            "SOAP-ENV": "http://schemas.xmlsoap.org/soap/envelope/",
            "ns2": "urn:vertexinc:o-series:tps:7:0"
          },
          "x:LineItem": [
            {
              "@lineItemId": "246095023_ITM",
              "@lineItemNumber": "246095023",
              "x:Seller": {
                "x:Company": "26",
                "x:PhysicalOrigin": {
                  "@taxAreaId": "380290000"
                }
              },
              "x:Customer": {
                "@isTaxExempt": "false",
                "x:Destination": {
                  "x:StreetAddress1": "7317 Easen Ct",
                  "x:City": "Charlotte",
                  "x:MainDivision": "NC",
                  "x:PostalCode": "28211-6183",
                  "x:Country": "USA"
                }
              },
              "x:Product": {
                "@productClass": "02",
                "#text": "150736B"
              },
              "x:Quantity": "1.0",
              "x:ExtendedPrice": "12.0",
              "x:FlexibleFields": {
                "x:FlexibleCodeField": [
                  {
                    "@fieldId": "1",
                    "#text": "Original"
                  },
                  {
                    "@fieldId": "2",
                    "#text": "WEB"
                  },
                  {
                    "@fieldId": "8",
                    "#text": "26536X"
                  },
                  {
                    "@fieldId": "9",
                    "#text": "1019"
                  },
                  {
                    "@fieldId": "11",
                    "#text": "GPT"
                  },
                  {
                    "@fieldId": "15",
                    "#text": "NC"
                  },
                  {
                    "@fieldId": "20",
                    "#text": "Donuts Haynes"
                  },
                  {
                    "@fieldId": "21"
                  },
                  {
                    "@fieldId": "22",
                    "#text": "Charlotte"
                  },
                  {
                    "@fieldId": "23",
                    "#text": "NC"
                  },
                  {
                    "@fieldId": "3",
                    "#text": "02"
                  }
                ],
                "x:FlexibleNumericField": {
                  "@fieldId": "3",
                  "#text": "1.0"
                }
              }
            },
            {
              "@lineItemId": "246095023_FRT",
              "@lineItemNumber": "246095023",
              "x:Seller": {
                "x:Company": "26",
                "x:PhysicalOrigin": {
                  "@taxAreaId": "380290000"
                }
              },
              "x:Customer": {
                "@isTaxExempt": "false",
                "x:Destination": {
                  "x:StreetAddress1": "7317 Easen Ct",
                  "x:City": "Charlotte",
                  "x:MainDivision": "NC",
                  "x:PostalCode": "28211-6183",
                  "x:Country": "USA"
                }
              },
              "x:Product": {
                "@productClass": "02",
                "#text": "FRT"
              },
              "x:ExtendedPrice": "11.49",
              "x:FlexibleFields": {
                "x:FlexibleCodeField": [
                  {
                    "@fieldId": "1",
                    "#text": "Original"
                  },
                  {
                    "@fieldId": "2",
                    "#text": "WEB"
                  },
                  {
                    "@fieldId": "8",
                    "#text": "26536X"
                  },
                  {
                    "@fieldId": "9",
                    "#text": "1019"
                  },
                  {
                    "@fieldId": "11",
                    "#text": "GPT"
                  },
                  {
                    "@fieldId": "15",
                    "#text": "NC"
                  },
                  {
                    "@fieldId": "20",
                    "#text": "Donuts Haynes"
                  },
                  {
                    "@fieldId": "21"
                  },
                  {
                    "@fieldId": "22",
                    "#text": "Charlotte"
                  },
                  {
                    "@fieldId": "23",
                    "#text": "NC"
                  },
                  {
                    "@fieldId": "3",
                    "#text": "02"
                  }
                ],
                "x:FlexibleNumericField": {
                  "@fieldId": "3",
                  "#text": "1.0"
                }
              }
            },
            {
              "@lineItemId": "246095023_ITM",
              "@lineItemNumber": "246095023",
              "x:Seller": {
                "x:Company": "26",
                "x:PhysicalOrigin": {
                  "@taxAreaId": "380290000"
                }
              },
              "x:Customer": {
                "@isTaxExempt": "false",
                "x:Destination": {
                  "x:StreetAddress1": "7317 Easen Ct",
                  "x:City": "Charlotte",
                  "x:MainDivision": "NC",
                  "x:PostalCode": "28211-6183",
                  "x:Country": "USA"
                }
              },
              "x:Product": {
                "@productClass": "02",
                "#text": "150798B"
              },
              "x:Quantity": "1.0",
              "x:ExtendedPrice": "12.0",
              "x:FlexibleFields": {
                "x:FlexibleCodeField": [
                  {
                    "@fieldId": "1",
                    "#text": "Original"
                  },
                  {
                    "@fieldId": "2",
                    "#text": "WEB"
                  },
                  {
                    "@fieldId": "8",
                    "#text": "26536X"
                  },
                  {
                    "@fieldId": "9",
                    "#text": "1019"
                  },
                  {
                    "@fieldId": "11",
                    "#text": "GPT"
                  },
                  {
                    "@fieldId": "15",
                    "#text": "NC"
                  },
                  {
                    "@fieldId": "20",
                    "#text": "Donuts Haynes"
                  },
                  {
                    "@fieldId": "21"
                  },
                  {
                    "@fieldId": "22",
                    "#text": "Charlotte"
                  },
                  {
                    "@fieldId": "23",
                    "#text": "NC"
                  },
                  {
                    "@fieldId": "3",
                    "#text": "02"
                  }
                ],
                "x:FlexibleNumericField": {
                  "@fieldId": "3",
                  "#text": "2.0"
                }
              }
            },
            {
              "@lineItemId": "246095023_FRT",
              "@lineItemNumber": "246095023",
              "x:Seller": {
                "x:Company": "26",
                "x:PhysicalOrigin": {
                  "@taxAreaId": "380290000"
                }
              },
              "x:Customer": {
                "@isTaxExempt": "false",
                "x:Destination": {
                  "x:StreetAddress1": "7317 Easen Ct",
                  "x:City": "Charlotte",
                  "x:MainDivision": "NC",
                  "x:PostalCode": "28211-6183",
                  "x:Country": "USA"
                }
              },
              "x:Product": {
                "@productClass": "02",
                "#text": "FRT"
              },
              "x:ExtendedPrice": "11.49",
              "x:FlexibleFields": {
                "x:FlexibleCodeField": [
                  {
                    "@fieldId": "1",
                    "#text": "Original"
                  },
                  {
                    "@fieldId": "2",
                    "#text": "WEB"
                  },
                  {
                    "@fieldId": "8",
                    "#text": "26536X"
                  },
                  {
                    "@fieldId": "9",
                    "#text": "1019"
                  },
                  {
                    "@fieldId": "11",
                    "#text": "GPT"
                  },
                  {
                    "@fieldId": "15",
                    "#text": "NC"
                  },
                  {
                    "@fieldId": "20",
                    "#text": "Donuts Haynes"
                  },
                  {
                    "@fieldId": "21"
                  },
                  {
                    "@fieldId": "22",
                    "#text": "Charlotte"
                  },
                  {
                    "@fieldId": "23",
                    "#text": "NC"
                  },
                  {
                    "@fieldId": "3",
                    "#text": "02"
                  }
                ],
                "x:FlexibleNumericField": {
                  "@fieldId": "3",
                  "#text": "2.0"
                }
              }
            }
          ]
        }
      }
    }
  }
}