{
  "http://schemas.xmlsoap.org/soap/envelope/:Envelope": {
    "http://schemas.xmlsoap.org/soap/envelope/:Body": {
      "x:VertexEnvelope": {
        "x:Login": {
          "x:TrustedId": "7649555430638576"
        },
        "x:InvoiceRequest": {
          "@documentDate": "2021-02-09 17:24",
          "@documentNumber": "23741809575682706375799",
          "@transactionType": "SALE",
          "@xmlns": {
            "ns2": "http://schemas.xmlsoap.org/soap/envelope/",
            "": "urn:vertexinc:o-series:tps:7:0"
          },
          "x:Currency": null,
          "x:Seller": {
            "x:Company": "1000",
            "x:Division": "michaels-us",
            "x:AdministrativeOrigin": {
              "x:City": "Irving",
              "x:MainDivision": "Texas",
              "x:PostalCode": "75063",
              "x:Country": "US"
            }
          },
          "x:LineItem": [
            {
              "@lineItemId": "49",
              "@taxDate": "2021-02-09 17:24",
              "@taxIncludedIndicator": "false",
              "x:Seller": {
                "x:PhysicalOrigin": {
                  "x:City": "MESQUITE",
                  "x:MainDivision": "TX",
                  "x:PostalCode": "75150",
                  "x:Country": "US"
                }
              },
              "x:Customer": {
                "x:Destination": {
                  "x:StreetAddress1": ".",
                  "x:StreetAddress2": "1655 N TOWN EAST BLVD, STE 100",
                  "x:City": "MESQUITE",
                  "x:MainDivision": "TX",
                  "x:PostalCode": "75150",
                  "x:Country": "US",
                  "x:locationCode": "5122"
                },
                "x:ExemptionCertificate": null
              },
              "x:Product": {
                "@productClass": "100",
                "#text": "10541735"
              },
              "x:Quantity": {
                "@unitOfMeasure": "EA",
                "#text": "1.0"
              },
              "x:UnitPrice": "5.99",
              "x:ExtendedPrice": "4.79",
              "x:FlexibleFields": {
                "x:FlexibleDateField": {
                  "@fieldId": "1",
                  "#text": "2021-02-08 22:15"
                }
              }
            },
            {
              "@lineItemId": "51",
              "@taxDate": "2021-02-09 17:24",
              "@taxIncludedIndicator": "false",
              "x:Seller": {
                "x:PhysicalOrigin": {
                  "x:City": "MESQUITE",
                  "x:MainDivision": "TX",
                  "x:PostalCode": "75150",
                  "x:Country": "US"
                }
              },
              "x:Customer": {
                "x:Destination": {
                  "x:StreetAddress1": ".",
                  "x:StreetAddress2": "1655 N TOWN EAST BLVD, STE 100",
                  "x:City": "MESQUITE",
                  "x:MainDivision": "TX",
                  "x:PostalCode": "75150",
                  "x:Country": "US",
                  "x:locationCode": "5122"
                },
                "x:ExemptionCertificate": null
              },
              "x:Product": {
                "@productClass": "100",
                "#text": "10223093"
              },
              "x:Quantity": {
                "@unitOfMeasure": "EA",
                "#text": "1.0"
              },
              "x:UnitPrice": "19.99",
              "x:ExtendedPrice": "15.99",
              "x:FlexibleFields": {
                "x:FlexibleDateField": {
                  "@fieldId": "1",
                  "#text": "2021-02-08 22:15"
                }
              }
            },
            {
              "@lineItemId": "52",
              "@taxDate": "2021-02-09 17:24",
              "@taxIncludedIndicator": "false",
              "x:Seller": {
                "x:PhysicalOrigin": {
                  "x:City": "MESQUITE",
                  "x:MainDivision": "TX",
                  "x:PostalCode": "75150",
                  "x:Country": "US"
                }
              },
              "x:Customer": {
                "x:Destination": {
                  "x:StreetAddress1": ".",
                  "x:StreetAddress2": "1655 N TOWN EAST BLVD, STE 100",
                  "x:City": "MESQUITE",
                  "x:MainDivision": "TX",
                  "x:PostalCode": "75150",
                  "x:Country": "US",
                  "x:locationCode": "5122"
                },
                "x:ExemptionCertificate": null
              },
              "x:Product": {
                "@productClass": "8038",
                "#text": "10204196"
              },
              "x:Quantity": {
                "@unitOfMeasure": "EA",
                "#text": "1.0"
              },
              "x:UnitPrice": "5.49",
              "x:ExtendedPrice": "4.39",
              "x:FlexibleFields": {
                "x:FlexibleDateField": {
                  "@fieldId": "1",
                  "#text": "2021-02-08 22:15"
                }
              }
            },
            {
              "@lineItemId": "53",
              "@taxDate": "2021-02-09 17:24",
              "@taxIncludedIndicator": "false",
              "x:Seller": {
                "x:PhysicalOrigin": {
                  "x:City": "MESQUITE",
                  "x:MainDivision": "TX",
                  "x:PostalCode": "75150",
                  "x:Country": "US"
                }
              },
              "x:Customer": {
                "x:Destination": {
                  "x:StreetAddress1": ".",
                  "x:StreetAddress2": "1655 N TOWN EAST BLVD, STE 100",
                  "x:City": "MESQUITE",
                  "x:MainDivision": "TX",
                  "x:PostalCode": "75150",
                  "x:Country": "US",
                  "x:locationCode": "5122"
                },
                "x:ExemptionCertificate": null
              },
              "x:Product": {
                "@productClass": "100",
                "#text": "10207940"
              },
              "x:Quantity": {
                "@unitOfMeasure": "EA",
                "#text": "1.0"
              },
              "x:UnitPrice": "1.99",
              "x:ExtendedPrice": "1.59",
              "x:FlexibleFields": {
                "x:FlexibleDateField": {
                  "@fieldId": "1",
                  "#text": "2021-02-08 22:15"
                }
              }
            },
            {
              "@lineItemId": "54",
              "@taxDate": "2021-02-09 17:24",
              "@taxIncludedIndicator": "false",
              "x:Seller": {
                "x:PhysicalOrigin": {
                  "x:City": "MESQUITE",
                  "x:MainDivision": "TX",
                  "x:PostalCode": "75150",
                  "x:Country": "US"
                }
              },
              "x:Customer": {
                "x:Destination": {
                  "x:StreetAddress1": ".",
                  "x:StreetAddress2": "1655 N TOWN EAST BLVD, STE 100",
                  "x:City": "MESQUITE",
                  "x:MainDivision": "TX",
                  "x:PostalCode": "75150",
                  "x:Country": "US",
                  "x:locationCode": "5122"
                },
                "x:ExemptionCertificate": null
              },
              "x:Product": {
                "@productClass": "100",
                "#text": "10142587"
              },
              "x:Quantity": {
                "@unitOfMeasure": "EA",
                "#text": "1.0"
              },
              "x:UnitPrice": "1.99",
              "x:ExtendedPrice": "1.59",
              "x:FlexibleFields": {
                "x:FlexibleDateField": {
                  "@fieldId": "1",
                  "#text": "2021-02-08 22:15"
                }
              }
            },
            {
              "@lineItemId": "55",
              "@taxDate": "2021-02-09 17:24",
              "@taxIncludedIndicator": "false",
              "x:Seller": {
                "x:PhysicalOrigin": {
                  "x:City": "MESQUITE",
                  "x:MainDivision": "TX",
                  "x:PostalCode": "75150",
                  "x:Country": "US"
                }
              },
              "x:Customer": {
                "x:Destination": {
                  "x:StreetAddress1": ".",
                  "x:StreetAddress2": "1655 N TOWN EAST BLVD, STE 100",
                  "x:City": "MESQUITE",
                  "x:MainDivision": "TX",
                  "x:PostalCode": "75150",
                  "x:Country": "US",
                  "x:locationCode": "5122"
                },
                "x:ExemptionCertificate": null
              },
              "x:Product": {
                "@productClass": "100",
                "#text": "10142588"
              },
              "x:Quantity": {
                "@unitOfMeasure": "EA",
                "#text": "1.0"
              },
              "x:UnitPrice": "1.99",
              "x:ExtendedPrice": "1.59",
              "x:FlexibleFields": {
                "x:FlexibleDateField": {
                  "@fieldId": "1",
                  "#text": "2021-02-08 22:15"
                }
              }
            }
          ]
        }
      }
    }
  }
}