{
  "http://schemas.xmlsoap.org/soap/envelope/:Envelope": {
    "http://schemas.xmlsoap.org/soap/envelope/:Body": {
      "x:VertexEnvelope": {
        "x:Login": {
          "x:TrustedId": "3231110697404535"
        },
        "x:QuotationRequest": {
          "@transactionType": "SALE",
          "@transactionId": "00128876",
          "@documentDate": "2021-02-09",
          "@documentNumber": "00128876",
          "@xmlns": {
            "s": "http://schemas.xmlsoap.org/soap/envelope/",
            "xsi": "http://www.w3.org/2001/XMLSchema-instance",
            "xsd": "http://www.w3.org/2001/XMLSchema",
            "": "urn:vertexinc:o-series:tps:7:0"
          },
          "x:Currency": {
            "@isoCurrencyCodeAlpha": "USD"
          },
          "x:Seller": {
            "x:Company": "LockNet",
            "x:PhysicalOrigin": {
              "x:StreetAddress1": "800 John C Watts Drive",
              "x:City": "Nicholasville",
              "x:MainDivision": "KY",
              "x:PostalCode": "40356"
            }
          },
          "x:Customer": {
            "x:Destination": {
              "x:StreetAddress1": "606 E MAIN ST",
              "x:City": "HAVELOCK",
              "x:MainDivision": "NC",
              "x:PostalCode": "285322313"
            }
          },
          "x:LineItem": [
            {
              "@lineItemNumber": "1",
              "x:Quantity": "1",
              "x:UnitPrice": "124.03",
              "x:ExtendedPrice": "124.03",
              "x:Product": {
                "@productClass": "TAXABLE",
                "#text": "TAXABLE"
              },
              "x:FlexibleFields": {
                "x:FlexibleCodeField": [
                  {
                    "@fieldId": "1",
                    "#text": "0"
                  },
                  {
                    "@fieldId": "2"
                  }
                ]
              }
            },
            {
              "@lineItemNumber": "2",
              "x:Quantity": "1",
              "x:UnitPrice": "0",
              "x:ExtendedPrice": "0",
              "x:Product": {
                "@productClass": "NONTAXABLE",
                "#text": "NONTAXABLE"
              },
              "x:FlexibleFields": {
                "x:FlexibleCodeField": [
                  {
                    "@fieldId": "1",
                    "#text": "0"
                  },
                  {
                    "@fieldId": "2"
                  }
                ]
              }
            }
          ]
        }
      }
    }
  }
}