{
  "http://schemas.xmlsoap.org/soap/envelope/:Envelope": {
    "http://schemas.xmlsoap.org/soap/envelope/:Header": null,
    "http://schemas.xmlsoap.org/soap/envelope/:Body": {
      "x:VertexEnvelope": {
        "x:Login": {
          "x:TrustedId": "9885354414103478"
        },
        "x:TaxAreaRequest": {
          "x:TaxAreaLookup": {
            "x:PostalAddress": {
              "x:StreetAddress1": "117 NORTHRIDGE DR STE A",
              "x:City": "VAN BUREN",
              "x:MainDivision": "AR",
              "x:PostalCode": "72956",
              "x:Country": "US"
            }
          }
        }
      }
    }
  }
}