{
  "http://schemas.xmlsoap.org/soap/envelope/:Envelope": {
    "http://schemas.xmlsoap.org/soap/envelope/:Body": {
      "x:VertexEnvelope": {
        "x:Login": {
          "x:UserName": "6250271283870425",
          "x:Password": "6250271283870425"
        },
        "x:QuotationRequest": {
          "@transactionType": "SALE",
          "@returnGeneratedLineItemsIndicator": "true",
          "@returnAssistedParametersIndicator": "true",
          "@xmlns": {
            "soap": "http://schemas.xmlsoap.org/soap/envelope/",
            "": "urn:vertexinc:o-series:tps:7:0"
          },
          "x:Currency": {
            "@isoCurrencyCodeAlpha": "USD"
          },
          "x:Seller": {
            "x:Company": "PC01"
          },
          "x:LineItem": {
            "@lineItemNumber": "000140",
            "@transactionType": "SALE",
            "@lineItemId": "000001",
            "@materialCode": "11266",
            "x:Seller": {
              "x:Company": "PC01",
              "x:PhysicalOrigin": {
                "@taxAreaId": "030130250"
              },
              "x:AdministrativeOrigin": {
                "@taxAreaId": "030130250"
              }
            },
            "x:Customer": {
              "x:CustomerCode": null,
              "x:Destination": {
                "@taxAreaId": "010890580"
              },
              "x:AdministrativeDestination": {
                "@taxAreaId": "010890580"
              }
            },
            "x:Product": "11266",
            "x:Quantity": {
              "@unitOfMeasure": "EA",
              "#text": "3"
            },
            "x:Volume": "0002",
            "x:ExtendedPrice": "546",
            "x:FlexibleFields": {
              "x:FlexibleCodeField": {
                "@fieldId": "14",
                "#text": "vhshpmr9ci"
              }
            }
          }
        },
        "x:ApplicationData": {
          "x:Sender": "MR9-100"
        }
      }
    }
  }
}