{
  "http://schemas.xmlsoap.org/soap/envelope/:Envelope": {
    "http://schemas.xmlsoap.org/soap/envelope/:Header": null,
    "http://schemas.xmlsoap.org/soap/envelope/:Body": {
      "urn:vertexinc:o-series:tps:6:0:VertexEnvelope": {
        "Login": {
          "TrustedId": "2887267389996541"
        },
        "InvoiceRequest": {
          "@documentNumber": "PND10976170",
          "@documentDate": "2021-02-07T21:10:41+00:00",
          "@postingDate": "2021-02-09",
          "@transactionType": "SALE",
          "@xmlns": {
            "SOAP-ENV": "http://schemas.xmlsoap.org/soap/envelope/",
            "vtx": "urn:vertexinc:o-series:tps:6:0"
          },
          "Currency": {
            "@isoCurrencyCodeAlpha": "USD",
            "@isoCurrencyName": "USD"
          },
          "Seller": {
            "Company": "USE",
            "AdministrativeOrigin": {
              "StreetAddress1": "250 W Pratt St",
              "City": "Baltimore",
              "MainDivision": "MD",
              "PostalCode": "21201",
              "Country": "US"
            }
          },
          "Customer": {
            "CustomerCode": "PNDCUS05659859",
            "Destination": {
              "StreetAddress1": "1714 67TH AVE",
              "StreetAddress2": null,
              "City": "Philadelphia",
              "MainDivision": "PA",
              "PostalCode": "19126-2619",
              "Country": "US"
            }
          },
          "LineItem": [
            {
              "@lineItemId": "SHIPPING202102072113051193508061",
              "@lineItemNumber": "0",
              "Product": {
                "@productClass": "SHIP"
              },
              "ExtendedPrice": "0.0",
              "Seller": {
                "PhysicalOrigin": {
                  "StreetAddress1": "9250 N Royal Lane",
                  "StreetAddress2": null,
                  "City": "Irving",
                  "MainDivision": "TX",
                  "PostalCode": "75063",
                  "Country": "US"
                }
              }
            },
            {
              "@lineItemId": "202102072113051193508062",
              "@lineItemNumber": "1",
              "Product": {
                "@productClass": "JLR",
                "#text": "598342CZ-19"
              },
              "Quantity": {
                "@unitOfMeasure": "EA",
                "#text": "1.00"
              },
              "ExtendedPrice": "67.5",
              "Customer": {
                "Destination": {
                  "StreetAddress1": "1714 67TH AVE",
                  "StreetAddress2": null,
                  "City": "Philadelphia",
                  "MainDivision": "PA",
                  "PostalCode": "19126-2619",
                  "Country": "US"
                }
              },
              "Seller": {
                "PhysicalOrigin": {
                  "StreetAddress1": "9250 N Royal Lane",
                  "StreetAddress2": null,
                  "City": "Irving",
                  "MainDivision": "TX",
                  "PostalCode": "75063",
                  "Country": "US"
                }
              }
            },
            {
              "@lineItemId": "202102072113051193508064",
              "@lineItemNumber": "2",
              "Product": {
                "@productClass": "JLR",
                "#text": "797906NRGMX"
              },
              "Quantity": {
                "@unitOfMeasure": "EA",
                "#text": "1.00"
              },
              "ExtendedPrice": "58.5",
              "Customer": {
                "Destination": {
                  "StreetAddress1": "1714 67TH AVE",
                  "StreetAddress2": null,
                  "City": "Philadelphia",
                  "MainDivision": "PA",
                  "PostalCode": "19126-2619",
                  "Country": "US"
                }
              },
              "Seller": {
                "PhysicalOrigin": {
                  "StreetAddress1": "9250 N Royal Lane",
                  "StreetAddress2": null,
                  "City": "Irving",
                  "MainDivision": "TX",
                  "PostalCode": "75063",
                  "Country": "US"
                }
              }
            },
            {
              "@lineItemId": "202102072113051193508066",
              "@lineItemNumber": "3",
              "Product": {
                "@productClass": "",
                "#text": "798378CZ"
              },
              "Quantity": {
                "@unitOfMeasure": "EA",
                "#text": "1.00"
              },
              "ExtendedPrice": "18.0",
              "Customer": {
                "Destination": {
                  "StreetAddress1": "1714 67TH AVE",
                  "StreetAddress2": null,
                  "City": "Philadelphia",
                  "MainDivision": "PA",
                  "PostalCode": "19126-2619",
                  "Country": "US"
                }
              },
              "Seller": {
                "PhysicalOrigin": {
                  "StreetAddress1": "9250 N Royal Lane",
                  "StreetAddress2": null,
                  "City": "Irving",
                  "MainDivision": "TX",
                  "PostalCode": "75063",
                  "Country": "US"
                }
              }
            }
          ]
        },
        "ApplicationData": {
          "Sender": "OMS"
        }
      }
    }
  }
}