{
  "http://schemas.xmlsoap.org/soap/envelope/:Envelope": {
    "http://schemas.xmlsoap.org/soap/envelope/:Body": {
      "x:VertexEnvelope": {
        "x:Login": {
          "x:TrustedId": "5044414299247061"
        },
        "x:QuotationRequest": {
          "@returnAssistedParametersIndicator": "true",
          "@deliveryTerm": "SUP",
          "@documentDate": "2021-02-09",
          "@transactionType": "SALE",
          "@xmlns": {
            "SOAP-ENV": "http://schemas.xmlsoap.org/soap/envelope/",
            "ns1": "urn:vertexinc:o-series:tps:7:0"
          },
          "x:Currency": {
            "@isoCurrencyCodeAlpha": "USD"
          },
          "x:Seller": {
            "x:Company": "986048552",
            "x:PhysicalOrigin": {
              "x:StreetAddress1": "901 Keystone Industrial Park",
              "x:City": "Dunmore",
              "x:MainDivision": "PA",
              "x:PostalCode": "18512-1534",
              "x:Country": "USA"
            }
          },
          "x:Customer": {
            "x:CustomerCode": {
              "@classCode": "Retail Customer",
              "#text": "General"
            },
            "x:Destination": {
              "x:StreetAddress1": "5 SARAH ST",
              "x:City": "PLAINS",
              "x:MainDivision": "PA",
              "x:PostalCode": "18705",
              "x:Country": "USA"
            }
          },
          "x:LineItem": [
            {
              "@lineItemId": "sequence-1",
              "x:Product": {
                "@productClass": "Taxable Goods",
                "#text": "157430"
              },
              "x:Quantity": "1",
              "x:UnitPrice": "5.5",
              "x:ExtendedPrice": "5.5"
            },
            {
              "@lineItemId": "sequence-2",
              "x:Product": {
                "@productClass": "Taxable Goods",
                "#text": "124370"
              },
              "x:Quantity": "1",
              "x:UnitPrice": "10",
              "x:ExtendedPrice": "10"
            },
            {
              "@lineItemId": "sequence-3",
              "x:Product": {
                "@productClass": "Taxable Goods",
                "#text": "151430"
              },
              "x:Quantity": "1",
              "x:UnitPrice": "8",
              "x:ExtendedPrice": "8"
            },
            {
              "@lineItemId": "sequence-4",
              "x:Product": {
                "@productClass": "Taxable Goods",
                "#text": "158180"
              },
              "x:Quantity": "1",
              "x:UnitPrice": "16.5",
              "x:ExtendedPrice": "16.5"
            }
          ]
        }
      }
    }
  }
}