{
  "http://schemas.xmlsoap.org/soap/envelope/:Envelope": {
    "http://schemas.xmlsoap.org/soap/envelope/:Body": {
      "x:VertexEnvelope": {
        "x:Login": {
          "x:TrustedId": "2887267389996541"
        },
        "x:QuotationRequest": {
          "@documentDate": "2021-02-09",
          "@transactionType": "SALE",
          "@xmlns": {
            "soapenv": "http://schemas.xmlsoap.org/soap/envelope/",
            "xsd": "http://www.w3.org/2001/XMLSchema",
            "xsi": "http://www.w3.org/2001/XMLSchema-instance",
            "": "urn:vertexinc:o-series:tps:7:0"
          },
          "x:Seller": {
            "x:Company": "USE",
            "x:AdministrativeOrigin": {
              "x:StreetAddress1": "250 W Pratt St",
              "x:City": "Baltimore",
              "x:MainDivision": "MD",
              "x:PostalCode": "21202",
              "x:Country": "US"
            }
          },
          "x:Customer": {
            "x:Destination": {
              "x:StreetAddress1": "2800 W Big Beaver Rd",
              "x:City": "Troy",
              "x:MainDivision": "MI",
              "x:PostalCode": "48084",
              "x:Country": "US"
            }
          },
          "x:LineItem": [
            {
              "@lineItemId": "PRODUCT??e377a9c928381cbc3cdbecf1d5",
              "@lineItemNumber": "1",
              "x:Seller": {
                "x:PhysicalOrigin": {
                  "x:StreetAddress1": "2800 W Big Beaver Rd",
                  "x:City": "Troy",
                  "x:MainDivision": "MI",
                  "x:PostalCode": "48084",
                  "x:Country": "US"
                }
              },
              "x:Customer": {
                "x:Destination": {
                  "x:StreetAddress1": "2800 W Big Beaver Rd",
                  "x:City": "Troy",
                  "x:MainDivision": "MI",
                  "x:PostalCode": "48084",
                  "x:Country": "US"
                }
              },
              "x:Product": {
                "@productClass": "NoValue",
                "#text": "598408C00-17"
              },
              "x:Quantity": "1.0",
              "x:ExtendedPrice": "55.00",
              "x:Discount": {
                "x:DiscountAmount": "0.0"
              }
            },
            {
              "@lineItemId": "PRODUCT??e69b9c9e0f7358cef6fe27aea1",
              "@lineItemNumber": "2",
              "x:Seller": {
                "x:PhysicalOrigin": {
                  "x:StreetAddress1": "2800 W Big Beaver Rd",
                  "x:City": "Troy",
                  "x:MainDivision": "MI",
                  "x:PostalCode": "48084",
                  "x:Country": "US"
                }
              },
              "x:Customer": {
                "x:Destination": {
                  "x:StreetAddress1": "2800 W Big Beaver Rd",
                  "x:City": "Troy",
                  "x:MainDivision": "MI",
                  "x:PostalCode": "48084",
                  "x:Country": "US"
                }
              },
              "x:Product": {
                "@productClass": "NoValue",
                "#text": "398688C01-50"
              },
              "x:Quantity": "1.0",
              "x:ExtendedPrice": "75.00",
              "x:Discount": {
                "x:DiscountAmount": "0.0"
              }
            },
            {
              "@lineItemId": "SHIPPING??eb3f31ea471d3edb6a13133d07",
              "@lineItemNumber": "3",
              "x:Seller": {
                "x:PhysicalOrigin": {
                  "x:StreetAddress1": "2760 N Germantown Pkwy",
                  "x:City": "Memphis",
                  "x:MainDivision": "TN",
                  "x:PostalCode": "38133",
                  "x:Country": "US"
                }
              },
              "x:Product": {
                "@productClass": "SHIP"
              },
              "x:Quantity": "1.0",
              "x:ExtendedPrice": "0.00"
            }
          ]
        }
      }
    }
  }
}