{
  "http://schemas.xmlsoap.org/soap/envelope/:Envelope": {
    "http://schemas.xmlsoap.org/soap/envelope/:Body": {
      "x:VertexEnvelope": {
        "x:Login": {
          "x:TrustedId": "7649555430638576"
        },
        "x:QuotationRequest": {
          "@documentNumber": "Micls",
          "@returnAssistedParametersIndicator": "true",
          "@documentDate": "2021-02-09-06:00",
          "@transactionType": "SALE",
          "@xmlns": {
            "soap": "http://schemas.xmlsoap.org/soap/envelope/",
            "": "urn:vertexinc:o-series:tps:7:0"
          },
          "x:Currency": {
            "@isoCurrencyCodeAlpha": "USD"
          },
          "x:Seller": {
            "x:Company": "1000"
          },
          "x:LineItem": [
            {
              "@lineItemNumber": "1",
              "@lineItemId": "43dd1f28bb4da4d20437461872",
              "x:Customer": {
                "x:Destination": {
                  "@locationCode": "8810"
                }
              },
              "x:Product": {
                "@productClass": "816"
              },
              "x:Quantity": {
                "@unitOfMeasure": "EA",
                "#text": "4.0"
              },
              "x:ExtendedPrice": "11.96"
            },
            {
              "@lineItemNumber": "2",
              "@lineItemId": "23ae7c48bfc54fce885bbf2edf",
              "x:Customer": {
                "x:Destination": {
                  "@locationCode": "8810"
                }
              },
              "x:Product": {
                "@productClass": "199"
              },
              "x:Quantity": {
                "@unitOfMeasure": "EA",
                "#text": "1.0"
              },
              "x:ExtendedPrice": "0.0"
            }
          ]
        }
      }
    }
  }
}