{
  "http://schemas.xmlsoap.org/soap/envelope/:Envelope": {
    "http://schemas.xmlsoap.org/soap/envelope/:Body": {
      "x:VertexEnvelope": {
        "x:Login": {
          "x:TrustedId": "7649555430638576"
        },
        "x:QuotationRequest": {
          "@documentNumber": "Micls",
          "@returnAssistedParametersIndicator": "true",
          "@documentDate": "2021-02-09-06:00",
          "@transactionType": "SALE",
          "@xmlns": {
            "soap": "http://schemas.xmlsoap.org/soap/envelope/",
            "": "urn:vertexinc:o-series:tps:7:0"
          },
          "x:Currency": {
            "@isoCurrencyCodeAlpha": "USD"
          },
          "x:Seller": {
            "x:Company": "1000"
          },
          "x:LineItem": [
            {
              "@lineItemNumber": "1",
              "@lineItemId": "ea7eec953e97e69f86be4f2a7e",
              "x:Customer": {
                "x:Destination": {
                  "@locationCode": "7774"
                }
              },
              "x:Product": {
                "@productClass": "100"
              },
              "x:Quantity": {
                "@unitOfMeasure": "EA",
                "#text": "1.0"
              },
              "x:ExtendedPrice": "2.39"
            },
            {
              "@lineItemNumber": "2",
              "@lineItemId": "0eb4bde2e4fa78f50ca76e240b",
              "x:Customer": {
                "x:Destination": {
                  "@locationCode": "7774"
                }
              },
              "x:Product": {
                "@productClass": "8048"
              },
              "x:Quantity": {
                "@unitOfMeasure": "EA",
                "#text": "1.0"
              },
              "x:ExtendedPrice": "1.79"
            },
            {
              "@lineItemNumber": "3",
              "@lineItemId": "e7a3e2f283369f1ccd86c1f53c",
              "x:Customer": {
                "x:Destination": {
                  "@locationCode": "7774"
                }
              },
              "x:Product": {
                "@productClass": "4021"
              },
              "x:Quantity": {
                "@unitOfMeasure": "EA",
                "#text": "1.0"
              },
              "x:ExtendedPrice": "2.87"
            },
            {
              "@lineItemNumber": "4",
              "@lineItemId": "967de10fb8d2d791777d11e99b",
              "x:Customer": {
                "x:Destination": {
                  "@locationCode": "7774"
                }
              },
              "x:Product": {
                "@productClass": "100"
              },
              "x:Quantity": {
                "@unitOfMeasure": "EA",
                "#text": "2.0"
              },
              "x:ExtendedPrice": "3.9"
            },
            {
              "@lineItemNumber": "5",
              "@lineItemId": "f06d22ca4cdec8b25baa315a07",
              "x:Customer": {
                "x:Destination": {
                  "@locationCode": "7774"
                }
              },
              "x:Product": {
                "@productClass": "100"
              },
              "x:Quantity": {
                "@unitOfMeasure": "EA",
                "#text": "1.0"
              },
              "x:ExtendedPrice": "1.46"
            },
            {
              "@lineItemNumber": "6",
              "@lineItemId": "2ca7f36fd1c3945c5e2d3127a0",
              "x:Customer": {
                "x:Destination": {
                  "@locationCode": "7774"
                }
              },
              "x:Product": {
                "@productClass": "100"
              },
              "x:Quantity": {
                "@unitOfMeasure": "EA",
                "#text": "1.0"
              },
              "x:ExtendedPrice": "23.99"
            },
            {
              "@lineItemNumber": "7",
              "@lineItemId": "6698301c37855b6356e69bda2f",
              "x:Customer": {
                "x:Destination": {
                  "@locationCode": "7774"
                }
              },
              "x:Product": {
                "@productClass": "199"
              },
              "x:Quantity": {
                "@unitOfMeasure": "EA",
                "#text": "1.0"
              },
              "x:ExtendedPrice": "0.0"
            }
          ]
        }
      }
    }
  }
}