{
  "http://schemas.xmlsoap.org/soap/envelope/:Envelope": {
    "http://schemas.xmlsoap.org/soap/envelope/:Header": null,
    "http://schemas.xmlsoap.org/soap/envelope/:Body": {
      "x:VertexEnvelope": {
        "x:Login": {
          "x:TrustedId": "1235769293676012"
        },
        "x:InvoiceRequest": {
          "@documentDate": "2021-02-09",
          "@documentNumber": "OMS-63129411",
          "@transactionType": "SALE",
          "@xmlns": {
            "SOAP-ENV": "http://schemas.xmlsoap.org/soap/envelope/",
            "ns2": "urn:vertexinc:o-series:tps:7:0"
          },
          "x:Currency": {
            "@isoCurrencyCodeAlpha": "CAD"
          },
          "x:LineItem": [
            {
              "@lineItemId": "4",
              "@lineItemNumber": "1",
              "@taxIncludedIndicator": "false",
              "x:Seller": {
                "x:Company": "2000",
                "x:PhysicalOrigin": {
                  "@locationCode": "2337"
                },
                "x:AdministrativeOrigin": {
                  "@locationCode": "2337"
                }
              },
              "x:Customer": {
                "x:CustomerCode": "guest_43092001",
                "x:Destination": {
                  "@locationCode": "2337"
                }
              },
              "x:Product": {
                "@productClass": "P0000000",
                "#text": "5303961"
              },
              "x:Quantity": {
                "@unitOfMeasure": "EA",
                "#text": "1.0"
              },
              "x:ExtendedPrice": "4.99",
              "x:Discount": {
                "x:DiscountAmount": "0.0"
              },
              "x:FlexibleFields": {
                "x:FlexibleCodeField": [
                  {
                    "@fieldId": "16",
                    "#text": "Customer pickup"
                  },
                  {
                    "@fieldId": "8",
                    "#text": "HG Home&"
                  },
                  {
                    "@fieldId": "7",
                    "#text": "737257916043"
                  },
                  {
                    "@fieldId": "15",
                    "#text": "2337"
                  },
                  {
                    "@fieldId": "17",
                    "#text": "43092001"
                  }
                ]
              }
            },
            {
              "@lineItemId": "7",
              "@lineItemNumber": "2",
              "@taxIncludedIndicator": "false",
              "x:Seller": {
                "x:Company": "2000",
                "x:PhysicalOrigin": {
                  "@locationCode": "2337"
                },
                "x:AdministrativeOrigin": {
                  "@locationCode": "2337"
                }
              },
              "x:Customer": {
                "x:CustomerCode": "guest_43092001",
                "x:Destination": {
                  "@locationCode": "2337"
                }
              },
              "x:Product": {
                "@productClass": "P0000000",
                "#text": "5268681"
              },
              "x:Quantity": {
                "@unitOfMeasure": "EA",
                "#text": "1.0"
              },
              "x:ExtendedPrice": "29.99",
              "x:Discount": {
                "x:DiscountAmount": "0.0"
              },
              "x:FlexibleFields": {
                "x:FlexibleCodeField": [
                  {
                    "@fieldId": "16",
                    "#text": "Customer pickup"
                  },
                  {
                    "@fieldId": "8",
                    "#text": "HG Care&"
                  },
                  {
                    "@fieldId": "7",
                    "#text": "737257748521"
                  },
                  {
                    "@fieldId": "15",
                    "#text": "2337"
                  },
                  {
                    "@fieldId": "17",
                    "#text": "43092001"
                  }
                ]
              }
            },
            {
              "@lineItemId": "2",
              "@lineItemNumber": "3",
              "@taxIncludedIndicator": "false",
              "x:Seller": {
                "x:Company": "2000",
                "x:PhysicalOrigin": {
                  "@locationCode": "2337"
                },
                "x:AdministrativeOrigin": {
                  "@locationCode": "2337"
                }
              },
              "x:Customer": {
                "x:CustomerCode": "guest_43092001",
                "x:Destination": {
                  "@locationCode": "2337"
                }
              },
              "x:Product": {
                "@productClass": "P0000000",
                "#text": "5303962"
              },
              "x:Quantity": {
                "@unitOfMeasure": "EA",
                "#text": "1.0"
              },
              "x:ExtendedPrice": "4.99",
              "x:Discount": {
                "x:DiscountAmount": "0.0"
              },
              "x:FlexibleFields": {
                "x:FlexibleCodeField": [
                  {
                    "@fieldId": "16",
                    "#text": "Customer pickup"
                  },
                  {
                    "@fieldId": "8",
                    "#text": "HG Home&"
                  },
                  {
                    "@fieldId": "7",
                    "#text": "737257915855"
                  },
                  {
                    "@fieldId": "15",
                    "#text": "2337"
                  },
                  {
                    "@fieldId": "17",
                    "#text": "43092001"
                  }
                ]
              }
            },
            {
              "@lineItemId": "5",
              "@lineItemNumber": "4",
              "@taxIncludedIndicator": "false",
              "x:Seller": {
                "x:Company": "2000",
                "x:PhysicalOrigin": {
                  "@locationCode": "2337"
                },
                "x:AdministrativeOrigin": {
                  "@locationCode": "2337"
                }
              },
              "x:Customer": {
                "x:CustomerCode": "guest_43092001",
                "x:Destination": {
                  "@locationCode": "2337"
                }
              },
              "x:Product": {
                "@productClass": "P0000000",
                "#text": "5287471"
              },
              "x:Quantity": {
                "@unitOfMeasure": "EA",
                "#text": "1.0"
              },
              "x:ExtendedPrice": "12.99",
              "x:Discount": {
                "x:DiscountAmount": "0.0"
              },
              "x:FlexibleFields": {
                "x:FlexibleCodeField": [
                  {
                    "@fieldId": "16",
                    "#text": "Customer pickup"
                  },
                  {
                    "@fieldId": "8",
                    "#text": "HG Home&"
                  },
                  {
                    "@fieldId": "7",
                    "#text": "029695319310"
                  },
                  {
                    "@fieldId": "15",
                    "#text": "2337"
                  },
                  {
                    "@fieldId": "17",
                    "#text": "43092001"
                  }
                ]
              }
            },
            {
              "@lineItemId": "1",
              "@lineItemNumber": "5",
              "@taxIncludedIndicator": "false",
              "x:Seller": {
                "x:Company": "2000",
                "x:PhysicalOrigin": {
                  "@locationCode": "2337"
                },
                "x:AdministrativeOrigin": {
                  "@locationCode": "2337"
                }
              },
              "x:Customer": {
                "x:CustomerCode": "guest_43092001",
                "x:Destination": {
                  "@locationCode": "2337"
                }
              },
              "x:Product": {
                "@productClass": "P0000000",
                "#text": "5303864"
              },
              "x:Quantity": {
                "@unitOfMeasure": "EA",
                "#text": "1.0"
              },
              "x:ExtendedPrice": "5.99",
              "x:Discount": {
                "x:DiscountAmount": "0.0"
              },
              "x:FlexibleFields": {
                "x:FlexibleCodeField": [
                  {
                    "@fieldId": "16",
                    "#text": "Customer pickup"
                  },
                  {
                    "@fieldId": "8",
                    "#text": "HG Home&"
                  },
                  {
                    "@fieldId": "7",
                    "#text": "737257916142"
                  },
                  {
                    "@fieldId": "15",
                    "#text": "2337"
                  },
                  {
                    "@fieldId": "17",
                    "#text": "43092001"
                  }
                ]
              }
            },
            {
              "@lineItemId": "6",
              "@lineItemNumber": "6",
              "@taxIncludedIndicator": "false",
              "x:Seller": {
                "x:Company": "2000",
                "x:PhysicalOrigin": {
                  "@locationCode": "2337"
                },
                "x:AdministrativeOrigin": {
                  "@locationCode": "2337"
                }
              },
              "x:Customer": {
                "x:CustomerCode": "guest_43092001",
                "x:Destination": {
                  "@locationCode": "2337"
                }
              },
              "x:Product": {
                "@productClass": "P0000000",
                "#text": "5279002"
              },
              "x:Quantity": {
                "@unitOfMeasure": "EA",
                "#text": "1.0"
              },
              "x:ExtendedPrice": "13.49",
              "x:Discount": {
                "x:DiscountAmount": "0.0"
              },
              "x:FlexibleFields": {
                "x:FlexibleCodeField": [
                  {
                    "@fieldId": "16",
                    "#text": "Customer pickup"
                  },
                  {
                    "@fieldId": "8",
                    "#text": "HG Home&"
                  },
                  {
                    "@fieldId": "7",
                    "#text": "737257781542"
                  },
                  {
                    "@fieldId": "15",
                    "#text": "2337"
                  },
                  {
                    "@fieldId": "17",
                    "#text": "43092001"
                  }
                ]
              }
            },
            {
              "@lineItemId": "3",
              "@lineItemNumber": "7",
              "@taxIncludedIndicator": "false",
              "x:Seller": {
                "x:Company": "2000",
                "x:PhysicalOrigin": {
                  "@locationCode": "2337"
                },
                "x:AdministrativeOrigin": {
                  "@locationCode": "2337"
                }
              },
              "x:Customer": {
                "x:CustomerCode": "guest_43092001",
                "x:Destination": {
                  "@locationCode": "2337"
                }
              },
              "x:Product": {
                "@productClass": "P0000000",
                "#text": "5305312"
              },
              "x:Quantity": {
                "@unitOfMeasure": "EA",
                "#text": "1.0"
              },
              "x:ExtendedPrice": "7.99",
              "x:Discount": {
                "x:DiscountAmount": "0.0"
              },
              "x:FlexibleFields": {
                "x:FlexibleCodeField": [
                  {
                    "@fieldId": "16",
                    "#text": "Customer pickup"
                  },
                  {
                    "@fieldId": "8",
                    "#text": "HG Home&"
                  },
                  {
                    "@fieldId": "7",
                    "#text": "810009471172"
                  },
                  {
                    "@fieldId": "15",
                    "#text": "2337"
                  },
                  {
                    "@fieldId": "17",
                    "#text": "43092001"
                  }
                ]
              }
            }
          ]
        }
      }
    }
  }
}