{
  "http://schemas.xmlsoap.org/soap/envelope/:Envelope": {
    "http://schemas.xmlsoap.org/soap/envelope/:Header": null,
    "http://schemas.xmlsoap.org/soap/envelope/:Body": {
      "x:VertexEnvelope": {
        "x:Login": {
          "x:TrustedId": "0179501699931581"
        },
        "x:QuotationRequest": {
          "@documentDate": "2021-02-09-05:00",
          "@documentNumber": "US80094774",
          "@transactionType": "SALE",
          "@xmlns": {
            "S": "http://schemas.xmlsoap.org/soap/envelope/",
            "SOAP-ENV": "http://schemas.xmlsoap.org/soap/envelope/",
            "": "urn:vertexinc:o-series:tps:7:0"
          },
          "x:Currency": {
            "@isoCurrencyCodeAlpha": "USD"
          },
          "x:Seller": {
            "x:Company": "52-1237423",
            "x:PhysicalOrigin": {
              "x:StreetAddress1": "Sunrise Ave",
              "x:StreetAddress2": "601",
              "x:City": "Ridgely",
              "x:MainDivision": "Maryland",
              "x:PostalCode": "21660",
              "x:Country": "United States"
            }
          },
          "x:Customer": {
            "x:CustomerCode": "120001075463",
            "x:Destination": {
              "x:StreetAddress1": "4428 Audubon Park Dr",
              "x:StreetAddress2": null,
              "x:City": "Jackson",
              "x:MainDivision": "Mississippi",
              "x:PostalCode": "39211-6137",
              "x:Country": "United States"
            }
          },
          "x:LineItem": [
            {
              "@lineItemNumber": "1",
              "x:Product": "78015",
              "x:Quantity": "2",
              "x:ExtendedPrice": "36.04",
              "x:Discount": {
                "x:DiscountAmount": "6.86"
              }
            },
            {
              "@lineItemNumber": "2",
              "x:Product": "78025",
              "x:Quantity": "1",
              "x:ExtendedPrice": "18.01",
              "x:Discount": {
                "x:DiscountAmount": "3.44"
              }
            },
            {
              "@lineItemNumber": "3",
              "x:Product": "77930",
              "x:Quantity": "2",
              "x:ExtendedPrice": "36.04",
              "x:Discount": {
                "x:DiscountAmount": "6.86"
              }
            },
            {
              "@lineItemNumber": "4",
              "x:Product": "71050",
              "x:Quantity": "1",
              "x:ExtendedPrice": "19.70",
              "x:Discount": {
                "x:DiscountAmount": "3.75"
              }
            },
            {
              "@lineItemNumber": "5",
              "x:Product": "77010",
              "x:Quantity": "1",
              "x:ExtendedPrice": "9.20",
              "x:Discount": {
                "x:DiscountAmount": "1.75"
              }
            },
            {
              "@lineItemNumber": "6",
              "x:Product": "77005",
              "x:Quantity": "1",
              "x:ExtendedPrice": "9.19",
              "x:Discount": {
                "x:DiscountAmount": "1.76"
              }
            },
            {
              "@lineItemNumber": "7",
              "x:Product": "77795",
              "x:Quantity": "1",
              "x:ExtendedPrice": "18.02",
              "x:Discount": {
                "x:DiscountAmount": "3.43"
              }
            },
            {
              "@lineItemNumber": "8",
              "x:Product": "78065",
              "x:Quantity": "1",
              "x:ExtendedPrice": "18.02",
              "x:Discount": {
                "x:DiscountAmount": "3.43"
              }
            },
            {
              "@lineItemNumber": "9",
              "x:Product": "63000",
              "x:ExtendedPrice": "5.00"
            }
          ]
        }
      }
    }
  }
}