{
  "http://schemas.xmlsoap.org/soap/envelope/:Envelope": {
    "http://schemas.xmlsoap.org/soap/envelope/:Body": {
      "x:VertexEnvelope": {
        "x:Login": {
          "x:TrustedId": "6175408551072005"
        },
        "x:QuotationRequest": {
          "@transactionType": "SALE",
          "@documentDate": "2021-02-09",
          "@xmlns": {
            "s": "http://schemas.xmlsoap.org/soap/envelope/",
            "xsi": "http://www.w3.org/2001/XMLSchema-instance",
            "xsd": "http://www.w3.org/2001/XMLSchema",
            "": "urn:vertexinc:o-series:tps:7:0"
          },
          "x:Seller": {
            "x:Company": "MIDWAY",
            "x:PhysicalOrigin": {
              "x:StreetAddress1": "5875 W. Van Horn Tavern Rd",
              "x:City": "Columbia",
              "x:MainDivision": "MO",
              "x:PostalCode": "65203",
              "x:Country": "USA"
            }
          },
          "x:LineItem": [
            {
              "x:Customer": {
                "x:CustomerCode": {
                  "@classCode": "None"
                },
                "x:Destination": {
                  "x:StreetAddress1": "3605 BRENBROOK DR",
                  "x:City": "RANDALLSTOWN",
                  "x:MainDivision": "MD",
                  "x:PostalCode": "21133-4703"
                }
              },
              "x:Product": {
                "@productClass": "Product",
                "#text": "743821"
              },
              "x:Quantity": "2",
              "x:UnitPrice": "34.9900",
              "x:FlexibleFields": {
                "x:FlexibleCodeField": [
                  {
                    "@fieldId": "9",
                    "#text": "1"
                  },
                  {
                    "@fieldId": "4",
                    "#text": "VTX05-02346"
                  },
                  {
                    "@fieldId": "8",
                    "#text": "743821"
                  }
                ]
              }
            },
            {
              "x:Customer": {
                "x:CustomerCode": {
                  "@classCode": "None"
                },
                "x:Destination": {
                  "x:StreetAddress1": "3605 BRENBROOK DR",
                  "x:City": "RANDALLSTOWN",
                  "x:MainDivision": "MD",
                  "x:PostalCode": "21133-4703"
                }
              },
              "x:Product": null,
              "x:Quantity": "1",
              "x:UnitPrice": "12.5500",
              "x:FlexibleFields": {
                "x:FlexibleCodeField": [
                  {
                    "@fieldId": "9",
                    "#text": "1"
                  },
                  {
                    "@fieldId": "3",
                    "#text": "PHIShippingFee"
                  },
                  {
                    "@fieldId": "6",
                    "#text": "PHIShippingFee"
                  }
                ]
              }
            }
          ]
        },
        "x:ApplicationData": null
      }
    }
  }
}