{
  "http://schemas.xmlsoap.org/soap/envelope/:Envelope": {
    "http://schemas.xmlsoap.org/soap/envelope/:Header": null,
    "http://schemas.xmlsoap.org/soap/envelope/:Body": {
      "x:VertexEnvelope": {
        "x:Login": {
          "x:TrustedId": "1235769293676012"
        },
        "x:InvoiceRequest": {
          "@documentDate": "2021-02-09",
          "@documentNumber": "OMS-63129405",
          "@transactionType": "SALE",
          "@xmlns": {
            "SOAP-ENV": "http://schemas.xmlsoap.org/soap/envelope/",
            "ns2": "urn:vertexinc:o-series:tps:7:0"
          },
          "x:Currency": {
            "@isoCurrencyCodeAlpha": "CAD"
          },
          "x:LineItem": {
            "@lineItemId": "1",
            "@lineItemNumber": "1",
            "@taxIncludedIndicator": "false",
            "x:Seller": {
              "x:Company": "2000",
              "x:PhysicalOrigin": {
                "@locationCode": "2337"
              },
              "x:AdministrativeOrigin": {
                "@locationCode": "2337"
              }
            },
            "x:Customer": {
              "x:CustomerCode": "guest_43092097",
              "x:Destination": {
                "@locationCode": "2337"
              }
            },
            "x:Product": {
              "@productClass": "PP051195",
              "#text": "1041449"
            },
            "x:Quantity": {
              "@unitOfMeasure": "EA",
              "#text": "1.0"
            },
            "x:ExtendedPrice": "8.99",
            "x:Discount": {
              "x:DiscountAmount": "0.0"
            },
            "x:FlexibleFields": {
              "x:FlexibleCodeField": [
                {
                  "@fieldId": "16",
                  "#text": "Customer pickup"
                },
                {
                  "@fieldId": "8",
                  "#text": "Specialt"
                },
                {
                  "@fieldId": "7",
                  "#text": "015561822039"
                },
                {
                  "@fieldId": "15",
                  "#text": "2337"
                },
                {
                  "@fieldId": "17",
                  "#text": "43092097"
                }
              ]
            }
          }
        }
      }
    }
  }
}