{
  "http://schemas.xmlsoap.org/soap/envelope/:Envelope": {
    "http://schemas.xmlsoap.org/soap/envelope/:Header": null,
    "http://schemas.xmlsoap.org/soap/envelope/:Body": {
      "x:VertexEnvelope": {
        "x:Login": {
          "x:TrustedId": "7561636305862266"
        },
        "x:QuotationRequest": {
          "@transactionType": "SALE",
          "@documentDate": "2021-02-09",
          "@documentNumber": "16803656-0",
          "@xmlns": {
            "soapenv": "http://schemas.xmlsoap.org/soap/envelope/",
            "": "urn:vertexinc:o-series:tps:7:0"
          },
          "x:Seller": {
            "x:Company": "Acme-Prod",
            "x:PhysicalOrigin": {
              "x:StreetAddress1": "1851 S 48th St",
              "x:StreetAddress2": null,
              "x:City": "GRAND FORKS",
              "x:MainDivision": "ND",
              "x:PostalCode": "58201",
              "x:Country": "USA"
            }
          },
          "x:Customer": {
            "x:CustomerCode": {
              "@classCode": "NULL",
              "#text": "W693302"
            },
            "x:Destination": {
              "x:StreetAddress1": "485 BIRCH ST STE N1",
              "x:StreetAddress2": null,
              "x:City": "LAKE ELSINORE",
              "x:MainDivision": "CA",
              "x:PostalCode": "92530-2798",
              "x:Country": "USA"
            }
          },
          "x:LineItem": [
            {
              "@lineItemNumber": "1",
              "@locationCode": "610",
              "x:Product": null,
              "x:Quantity": "2.00",
              "x:UnitPrice": "139.0000",
              "x:ExtendedPrice": ".0000",
              "x:FlexibleFields": {
                "x:FlexibleCodeField": [
                  {
                    "@fieldId": "3",
                    "#text": "2366-20"
                  },
                  {
                    "@fieldId": "4",
                    "#text": "MILWAUKEE M18 ROVER Dual Power"
                  },
                  {
                    "@fieldId": "5",
                    "#text": "KWANGWOOK KIM"
                  },
                  {
                    "@fieldId": "6"
                  }
                ]
              }
            },
            {
              "@lineItemNumber": "2",
              "@locationCode": "610",
              "x:Product": null,
              "x:Quantity": "2.00",
              "x:UnitPrice": "129.0000",
              "x:ExtendedPrice": "258.0000",
              "x:FlexibleFields": {
                "x:FlexibleCodeField": [
                  {
                    "@fieldId": "3",
                    "#text": "48-11-1850F"
                  },
                  {
                    "@fieldId": "4",
                    "#text": "Promo M18 5.0XC Redlithium"
                  },
                  {
                    "@fieldId": "5",
                    "#text": "KWANGWOOK KIM"
                  },
                  {
                    "@fieldId": "6"
                  }
                ]
              }
            },
            {
              "@lineItemNumber": "3",
              "@locationCode": "610",
              "x:Product": "MISC",
              "x:Quantity": "1.00",
              "x:UnitPrice": "-258.0000",
              "x:ExtendedPrice": "-258.0000",
              "x:FlexibleFields": {
                "x:FlexibleCodeField": [
                  {
                    "@fieldId": "3"
                  },
                  {
                    "@fieldId": "4"
                  },
                  {
                    "@fieldId": "5",
                    "#text": "KWANGWOOK KIM"
                  },
                  {
                    "@fieldId": "6"
                  }
                ]
              }
            }
          ]
        }
      }
    }
  }
}