{
  "http://schemas.xmlsoap.org/soap/envelope/:Envelope": {
    "http://schemas.xmlsoap.org/soap/envelope/:Body": {
      "x:VertexEnvelope": {
        "x:Login": {
          "x:TrustedId": "7649555430638576"
        },
        "x:InvoiceRequest": {
          "@documentDate": "2021-02-09 17:24",
          "@documentNumber": "23741790273283797374835",
          "@transactionType": "SALE",
          "@xmlns": {
            "ns2": "http://schemas.xmlsoap.org/soap/envelope/",
            "": "urn:vertexinc:o-series:tps:7:0"
          },
          "x:Currency": null,
          "x:Seller": {
            "x:Company": "1000",
            "x:Division": "michaels-us",
            "x:AdministrativeOrigin": {
              "x:City": "Irving",
              "x:MainDivision": "Texas",
              "x:PostalCode": "75063",
              "x:Country": "US"
            }
          },
          "x:LineItem": {
            "@lineItemId": "49",
            "@taxDate": "2021-02-09 17:24",
            "@taxIncludedIndicator": "false",
            "x:Seller": {
              "x:PhysicalOrigin": {
                "x:City": "MESQUITE",
                "x:MainDivision": "TX",
                "x:PostalCode": "75150",
                "x:Country": "US"
              }
            },
            "x:Customer": {
              "x:Destination": {
                "x:StreetAddress1": ".",
                "x:StreetAddress2": "1655 N TOWN EAST BLVD, STE 100",
                "x:City": "MESQUITE",
                "x:MainDivision": "TX",
                "x:PostalCode": "75150",
                "x:Country": "US",
                "x:locationCode": "5122"
              },
              "x:ExemptionCertificate": null
            },
            "x:Product": {
              "@productClass": "200",
              "#text": "10632873"
            },
            "x:Quantity": {
              "@unitOfMeasure": "EA",
              "#text": "8.0"
            },
            "x:UnitPrice": "2.49",
            "x:ExtendedPrice": "16.96",
            "x:FlexibleFields": {
              "x:FlexibleDateField": {
                "@fieldId": "1",
                "#text": "2021-02-09 02:26"
              }
            }
          }
        }
      }
    }
  }
}