{
  "http://schemas.xmlsoap.org/soap/envelope/:Envelope": {
    "http://schemas.xmlsoap.org/soap/envelope/:Body": {
      "x:VertexEnvelope": {
        "x:Login": {
          "x:TrustedId": "0785161094663800"
        },
        "x:InvoiceRequest": {
          "@documentDate": "2021-02-09",
          "@documentNumber": "INV11189305",
          "@returnAssistedParametersIndicator": "true",
          "@returnGeneratedLineItemsIndicator": "true",
          "@transactionType": "SALE",
          "@transactionId": "INV11189305",
          "@xmlns": {
            "SOAP-ENV": "http://schemas.xmlsoap.org/soap/envelope/",
            "": "urn:vertexinc:o-series:tps:7:0"
          },
          "x:Currency": {
            "@isoCurrencyCodeAlpha": "USD"
          },
          "x:Seller": {
            "x:Company": "1001"
          },
          "x:Customer": {
            "x:CustomerCode": "SAC0010498446",
            "x:Destination": {
              "x:StreetAddress1": "APT 48 17610 RAWSTHORNE RD, 48",
              "x:StreetAddress2": null,
              "x:City": "OYAMA",
              "x:MainDivision": "British Columbia",
              "x:SubDivision": null,
              "x:PostalCode": "V4V2K2",
              "x:Country": "CA"
            }
          },
          "x:LineItem": [
            {
              "@lineItemNumber": "1",
              "@taxDate": "2021-02-09",
              "@taxIncludedIndicator": "false",
              "@lineItemId": "2c92a008778684bc017787e2c6040c1f",
              "x:Product": {
                "@productClass": "VTX_INFO_SERVICE"
              },
              "x:charge_id": "2c92a008778684bc017787e2c6040c1f",
              "x:Quantity": "1",
              "x:UnitPrice": "149.0",
              "x:ExtendedPrice": "149",
              "x:FlexibleFields": {
                "x:FlexibleCodeField": [
                  {
                    "@fieldId": "1",
                    "#text": "2010"
                  },
                  {
                    "@fieldId": "2",
                    "#text": "BNF 2/09/20210.7425573547251301"
                  },
                  {
                    "@fieldId": "3",
                    "#text": "BNF"
                  },
                  {
                    "@fieldId": "4"
                  },
                  {
                    "@fieldId": "5"
                  },
                  {
                    "@fieldId": "6"
                  },
                  {
                    "@fieldId": "7"
                  },
                  {
                    "@fieldId": "8"
                  },
                  {
                    "@fieldId": "9"
                  },
                  {
                    "@fieldId": "10",
                    "#text": "Zuora"
                  },
                  {
                    "@fieldId": "11"
                  },
                  {
                    "@fieldId": "12"
                  },
                  {
                    "@fieldId": "13"
                  },
                  {
                    "@fieldId": "14"
                  },
                  {
                    "@fieldId": "15"
                  },
                  {
                    "@fieldId": "16"
                  },
                  {
                    "@fieldId": "17"
                  },
                  {
                    "@fieldId": "18"
                  },
                  {
                    "@fieldId": "19"
                  },
                  {
                    "@fieldId": "20"
                  },
                  {
                    "@fieldId": "21"
                  },
                  {
                    "@fieldId": "22"
                  },
                  {
                    "@fieldId": "23"
                  },
                  {
                    "@fieldId": "24"
                  },
                  {
                    "@fieldId": "25"
                  }
                ],
                "x:FlexibleNumericField": [
                  {
                    "@fieldId": "1"
                  },
                  {
                    "@fieldId": "2"
                  },
                  {
                    "@fieldId": "3"
                  },
                  {
                    "@fieldId": "4"
                  },
                  {
                    "@fieldId": "5"
                  },
                  {
                    "@fieldId": "6"
                  },
                  {
                    "@fieldId": "7"
                  },
                  {
                    "@fieldId": "8"
                  },
                  {
                    "@fieldId": "9"
                  },
                  {
                    "@fieldId": "10"
                  }
                ],
                "x:FlexibleDateField": [
                  {
                    "@fieldId": "1"
                  },
                  {
                    "@fieldId": "2"
                  },
                  {
                    "@fieldId": "3"
                  },
                  {
                    "@fieldId": "4"
                  },
                  {
                    "@fieldId": "5"
                  }
                ]
              }
            },
            {
              "@lineItemNumber": "2",
              "@taxDate": "2021-02-09",
              "@taxIncludedIndicator": "false",
              "@lineItemId": "2c92a008778684bc017787e2c6040c20",
              "x:Product": {
                "@productClass": "VTX_INFO_SERVICE"
              },
              "x:charge_id": "2c92a008778684bc017787e2c6040c20",
              "x:Quantity": "1",
              "x:UnitPrice": "0.0",
              "x:ExtendedPrice": "0",
              "x:FlexibleFields": {
                "x:FlexibleCodeField": [
                  {
                    "@fieldId": "1",
                    "#text": "2010"
                  },
                  {
                    "@fieldId": "2",
                    "#text": "BNF 2/09/20210.7425573547251301"
                  },
                  {
                    "@fieldId": "3",
                    "#text": "BNF"
                  },
                  {
                    "@fieldId": "4"
                  },
                  {
                    "@fieldId": "5"
                  },
                  {
                    "@fieldId": "6"
                  },
                  {
                    "@fieldId": "7"
                  },
                  {
                    "@fieldId": "8"
                  },
                  {
                    "@fieldId": "9"
                  },
                  {
                    "@fieldId": "10",
                    "#text": "Zuora"
                  },
                  {
                    "@fieldId": "11"
                  },
                  {
                    "@fieldId": "12"
                  },
                  {
                    "@fieldId": "13"
                  },
                  {
                    "@fieldId": "14"
                  },
                  {
                    "@fieldId": "15"
                  },
                  {
                    "@fieldId": "16"
                  },
                  {
                    "@fieldId": "17"
                  },
                  {
                    "@fieldId": "18"
                  },
                  {
                    "@fieldId": "19"
                  },
                  {
                    "@fieldId": "20"
                  },
                  {
                    "@fieldId": "21"
                  },
                  {
                    "@fieldId": "22"
                  },
                  {
                    "@fieldId": "23"
                  },
                  {
                    "@fieldId": "24"
                  },
                  {
                    "@fieldId": "25"
                  }
                ],
                "x:FlexibleNumericField": [
                  {
                    "@fieldId": "1"
                  },
                  {
                    "@fieldId": "2"
                  },
                  {
                    "@fieldId": "3"
                  },
                  {
                    "@fieldId": "4"
                  },
                  {
                    "@fieldId": "5"
                  },
                  {
                    "@fieldId": "6"
                  },
                  {
                    "@fieldId": "7"
                  },
                  {
                    "@fieldId": "8"
                  },
                  {
                    "@fieldId": "9"
                  },
                  {
                    "@fieldId": "10"
                  }
                ],
                "x:FlexibleDateField": [
                  {
                    "@fieldId": "1"
                  },
                  {
                    "@fieldId": "2"
                  },
                  {
                    "@fieldId": "3"
                  },
                  {
                    "@fieldId": "4"
                  },
                  {
                    "@fieldId": "5"
                  }
                ]
              }
            }
          ]
        }
      }
    }
  }
}