{
  "http://schemas.xmlsoap.org/soap/envelope/:Envelope": {
    "http://schemas.xmlsoap.org/soap/envelope/:Header": null,
    "http://schemas.xmlsoap.org/soap/envelope/:Body": {
      "x:VertexEnvelope": {
        "x:Login": {
          "x:TrustedId": "0179501699931581"
        },
        "x:QuotationRequest": {
          "@documentDate": "2021-02-09-05:00",
          "@documentNumber": "US80094807",
          "@transactionType": "SALE",
          "@xmlns": {
            "S": "http://schemas.xmlsoap.org/soap/envelope/",
            "SOAP-ENV": "http://schemas.xmlsoap.org/soap/envelope/",
            "": "urn:vertexinc:o-series:tps:7:0"
          },
          "x:Currency": {
            "@isoCurrencyCodeAlpha": "USD"
          },
          "x:Seller": {
            "x:Company": "52-1237423",
            "x:PhysicalOrigin": {
              "x:StreetAddress1": "Sunrise Ave",
              "x:StreetAddress2": "601",
              "x:City": "Ridgely",
              "x:MainDivision": "Maryland",
              "x:PostalCode": "21660",
              "x:Country": "United States"
            }
          },
          "x:Customer": {
            "x:CustomerCode": "120001820869",
            "x:Destination": {
              "x:StreetAddress1": "12109 Bonifay Ct",
              "x:StreetAddress2": null,
              "x:City": "McKinney",
              "x:MainDivision": "Texas",
              "x:PostalCode": "75071-8626",
              "x:Country": "United States"
            }
          },
          "x:LineItem": [
            {
              "@lineItemNumber": "1",
              "x:Product": "74881",
              "x:Quantity": "1",
              "x:ExtendedPrice": "0"
            },
            {
              "@lineItemNumber": "2",
              "x:Product": "76960",
              "x:Quantity": "1",
              "x:ExtendedPrice": "0.00"
            },
            {
              "@lineItemNumber": "3",
              "x:Product": "77961",
              "x:Quantity": "1",
              "x:ExtendedPrice": "21.45"
            },
            {
              "@lineItemNumber": "4",
              "x:Product": "77985",
              "x:Quantity": "1",
              "x:ExtendedPrice": "21.45"
            },
            {
              "@lineItemNumber": "5",
              "x:Product": "77925",
              "x:Quantity": "1",
              "x:ExtendedPrice": "21.45"
            },
            {
              "@lineItemNumber": "6",
              "x:Product": "78030",
              "x:Quantity": "1",
              "x:ExtendedPrice": "21.45"
            },
            {
              "@lineItemNumber": "7",
              "x:Product": "77880",
              "x:Quantity": "1",
              "x:ExtendedPrice": "21.45"
            },
            {
              "@lineItemNumber": "8",
              "x:Product": "77840",
              "x:Quantity": "1",
              "x:ExtendedPrice": "21.45"
            },
            {
              "@lineItemNumber": "9",
              "x:Product": "77815",
              "x:Quantity": "1",
              "x:ExtendedPrice": "21.45"
            },
            {
              "@lineItemNumber": "10",
              "x:Product": "78025",
              "x:Quantity": "1",
              "x:ExtendedPrice": "21.45"
            },
            {
              "@lineItemNumber": "11",
              "x:Product": "78100",
              "x:Quantity": "1",
              "x:ExtendedPrice": "21.45"
            },
            {
              "@lineItemNumber": "12",
              "x:Product": "78035",
              "x:Quantity": "1",
              "x:ExtendedPrice": "21.45"
            },
            {
              "@lineItemNumber": "13",
              "x:Product": "77930",
              "x:Quantity": "1",
              "x:ExtendedPrice": "21.45"
            },
            {
              "@lineItemNumber": "14",
              "x:Product": "78015",
              "x:Quantity": "1",
              "x:ExtendedPrice": "21.45"
            },
            {
              "@lineItemNumber": "15",
              "x:Product": "77835",
              "x:Quantity": "1",
              "x:ExtendedPrice": "21.45"
            },
            {
              "@lineItemNumber": "16",
              "x:Product": "78070",
              "x:Quantity": "1",
              "x:ExtendedPrice": "21.45"
            },
            {
              "@lineItemNumber": "17",
              "x:Product": "77795",
              "x:Quantity": "2",
              "x:ExtendedPrice": "42.90"
            },
            {
              "@lineItemNumber": "18",
              "x:Product": "77825",
              "x:Quantity": "1",
              "x:ExtendedPrice": "21.45"
            },
            {
              "@lineItemNumber": "19",
              "x:Product": "50105",
              "x:Quantity": "1",
              "x:ExtendedPrice": "27.25",
              "x:Discount": {
                "x:DiscountAmount": "2.70"
              }
            },
            {
              "@lineItemNumber": "20",
              "x:Product": "50106",
              "x:Quantity": "1",
              "x:ExtendedPrice": "22.70",
              "x:Discount": {
                "x:DiscountAmount": "2.25"
              }
            },
            {
              "@lineItemNumber": "21",
              "x:Product": "50015",
              "x:Quantity": "1",
              "x:ExtendedPrice": "0.00"
            },
            {
              "@lineItemNumber": "22",
              "x:Product": "79938",
              "x:Quantity": "1",
              "x:ExtendedPrice": "0.00"
            },
            {
              "@lineItemNumber": "23",
              "x:Product": "77980",
              "x:Quantity": "1",
              "x:ExtendedPrice": "0.00"
            },
            {
              "@lineItemNumber": "24",
              "x:Product": "71050",
              "x:Quantity": "1",
              "x:ExtendedPrice": "0.00"
            },
            {
              "@lineItemNumber": "25",
              "x:Product": "78025",
              "x:Quantity": "1",
              "x:ExtendedPrice": "0.00"
            },
            {
              "@lineItemNumber": "26",
              "x:Product": "77975",
              "x:Quantity": "1",
              "x:ExtendedPrice": "0.00"
            },
            {
              "@lineItemNumber": "27",
              "x:Product": "77795",
              "x:Quantity": "1",
              "x:ExtendedPrice": "0.00"
            },
            {
              "@lineItemNumber": "28",
              "x:Product": "50039",
              "x:Quantity": "1",
              "x:ExtendedPrice": "0.00"
            },
            {
              "@lineItemNumber": "29",
              "x:Product": "50038",
              "x:Quantity": "1",
              "x:ExtendedPrice": "0.00"
            },
            {
              "@lineItemNumber": "30",
              "x:Product": "50264",
              "x:Quantity": "1",
              "x:ExtendedPrice": "0.00"
            },
            {
              "@lineItemNumber": "31",
              "x:Product": "63000",
              "x:ExtendedPrice": "0.00"
            }
          ]
        }
      }
    }
  }
}